filename,phrase,voice,engine,type,variation,duration_s
kokoro_af_heart_p0_normal.wav,Hey Jett,af_heart,kokoro,positive,normal,0.67
kokoro_af_heart_p0_fast.wav,Hey Jett,af_heart,kokoro,positive,fast,0.60
kokoro_af_heart_p0_slow.wav,Hey Jett,af_heart,kokoro,positive,slow,0.74
kokoro_af_heart_p0_pitch_up.wav,Hey Jett,af_heart,kokoro,positive,pitch_up,0.64
kokoro_af_heart_p0_pitch_down.wav,Hey Jett,af_heart,kokoro,positive,pitch_down,0.70
kokoro_af_heart_p1_normal.wav,Hey Jett.,af_heart,kokoro,positive,normal,0.69
kokoro_af_heart_p1_fast.wav,Hey Jett.,af_heart,kokoro,positive,fast,0.61
kokoro_af_heart_p1_slow.wav,Hey Jett.,af_heart,kokoro,positive,slow,0.79
kokoro_af_heart_p1_pitch_up.wav,Hey Jett.,af_heart,kokoro,positive,pitch_up,0.66
kokoro_af_heart_p1_pitch_down.wav,Hey Jett.,af_heart,kokoro,positive,pitch_down,0.72
kokoro_af_heart_p2_normal.wav,"Hey, Jett!",af_heart,kokoro,positive,normal,0.70
kokoro_af_heart_p2_fast.wav,"Hey, Jett!",af_heart,kokoro,positive,fast,0.62
kokoro_af_heart_p2_slow.wav,"Hey, Jett!",af_heart,kokoro,positive,slow,0.78
kokoro_af_heart_p2_pitch_up.wav,"Hey, Jett!",af_heart,kokoro,positive,pitch_up,0.67
kokoro_af_heart_p2_pitch_down.wav,"Hey, Jett!",af_heart,kokoro,positive,pitch_down,0.73
kokoro_af_heart_p3_normal.wav,Hey Jett?,af_heart,kokoro,positive,normal,0.68
kokoro_af_heart_p3_fast.wav,Hey Jett?,af_heart,kokoro,positive,fast,0.62
kokoro_af_heart_p3_slow.wav,Hey Jett?,af_heart,kokoro,positive,slow,0.75
kokoro_af_heart_p3_pitch_up.wav,Hey Jett?,af_heart,kokoro,positive,pitch_up,0.66
kokoro_af_heart_p3_pitch_down.wav,Hey Jett?,af_heart,kokoro,positive,pitch_down,0.71
kokoro_af_bella_p0_normal.wav,Hey Jett,af_bella,kokoro,positive,normal,0.62
kokoro_af_bella_p0_fast.wav,Hey Jett,af_bella,kokoro,positive,fast,0.54
kokoro_af_bella_p0_slow.wav,Hey Jett,af_bella,kokoro,positive,slow,0.69
kokoro_af_bella_p0_pitch_up.wav,Hey Jett,af_bella,kokoro,positive,pitch_up,0.59
kokoro_af_bella_p0_pitch_down.wav,Hey Jett,af_bella,kokoro,positive,pitch_down,0.65
kokoro_af_bella_p1_normal.wav,Hey Jett.,af_bella,kokoro,positive,normal,0.64
kokoro_af_bella_p1_fast.wav,Hey Jett.,af_bella,kokoro,positive,fast,0.54
kokoro_af_bella_p1_slow.wav,Hey Jett.,af_bella,kokoro,positive,slow,0.74
kokoro_af_bella_p1_pitch_up.wav,Hey Jett.,af_bella,kokoro,positive,pitch_up,0.61
kokoro_af_bella_p1_pitch_down.wav,Hey Jett.,af_bella,kokoro,positive,pitch_down,0.67
kokoro_af_bella_p2_normal.wav,"Hey, Jett!",af_bella,kokoro,positive,normal,0.65
kokoro_af_bella_p2_fast.wav,"Hey, Jett!",af_bella,kokoro,positive,fast,0.57
kokoro_af_bella_p2_slow.wav,"Hey, Jett!",af_bella,kokoro,positive,slow,0.74
kokoro_af_bella_p2_pitch_up.wav,"Hey, Jett!",af_bella,kokoro,positive,pitch_up,0.62
kokoro_af_bella_p2_pitch_down.wav,"Hey, Jett!",af_bella,kokoro,positive,pitch_down,0.67
kokoro_af_bella_p3_normal.wav,Hey Jett?,af_bella,kokoro,positive,normal,0.62
kokoro_af_bella_p3_fast.wav,Hey Jett?,af_bella,kokoro,positive,fast,0.57
kokoro_af_bella_p3_slow.wav,Hey Jett?,af_bella,kokoro,positive,slow,0.70
kokoro_af_bella_p3_pitch_up.wav,Hey Jett?,af_bella,kokoro,positive,pitch_up,0.60
kokoro_af_bella_p3_pitch_down.wav,Hey Jett?,af_bella,kokoro,positive,pitch_down,0.65
kokoro_af_nicole_p0_normal.wav,Hey Jett,af_nicole,kokoro,positive,normal,0.82
kokoro_af_nicole_p0_fast.wav,Hey Jett,af_nicole,kokoro,positive,fast,0.77
kokoro_af_nicole_p0_slow.wav,Hey Jett,af_nicole,kokoro,positive,slow,0.93
kokoro_af_nicole_p0_pitch_up.wav,Hey Jett,af_nicole,kokoro,positive,pitch_up,0.80
kokoro_af_nicole_p0_pitch_down.wav,Hey Jett,af_nicole,kokoro,positive,pitch_down,0.86
kokoro_af_nicole_p1_normal.wav,Hey Jett.,af_nicole,kokoro,positive,normal,0.86
kokoro_af_nicole_p1_fast.wav,Hey Jett.,af_nicole,kokoro,positive,fast,0.76
kokoro_af_nicole_p1_slow.wav,Hey Jett.,af_nicole,kokoro,positive,slow,1.02
kokoro_af_nicole_p1_pitch_up.wav,Hey Jett.,af_nicole,kokoro,positive,pitch_up,0.83
kokoro_af_nicole_p1_pitch_down.wav,Hey Jett.,af_nicole,kokoro,positive,pitch_down,0.90
kokoro_af_nicole_p2_normal.wav,"Hey, Jett!",af_nicole,kokoro,positive,normal,0.89
kokoro_af_nicole_p2_fast.wav,"Hey, Jett!",af_nicole,kokoro,positive,fast,0.83
kokoro_af_nicole_p2_slow.wav,"Hey, Jett!",af_nicole,kokoro,positive,slow,1.06
kokoro_af_nicole_p2_pitch_up.wav,"Hey, Jett!",af_nicole,kokoro,positive,pitch_up,0.85
kokoro_af_nicole_p2_pitch_down.wav,"Hey, Jett!",af_nicole,kokoro,positive,pitch_down,0.93
kokoro_af_nicole_p3_normal.wav,Hey Jett?,af_nicole,kokoro,positive,normal,0.84
kokoro_af_nicole_p3_fast.wav,Hey Jett?,af_nicole,kokoro,positive,fast,0.75
kokoro_af_nicole_p3_slow.wav,Hey Jett?,af_nicole,kokoro,positive,slow,0.95
kokoro_af_nicole_p3_pitch_up.wav,Hey Jett?,af_nicole,kokoro,positive,pitch_up,0.81
kokoro_af_nicole_p3_pitch_down.wav,Hey Jett?,af_nicole,kokoro,positive,pitch_down,0.88
kokoro_af_aoede_p0_normal.wav,Hey Jett,af_aoede,kokoro,positive,normal,0.61
kokoro_af_aoede_p0_fast.wav,Hey Jett,af_aoede,kokoro,positive,fast,0.46
kokoro_af_aoede_p0_slow.wav,Hey Jett,af_aoede,kokoro,positive,slow,0.70
kokoro_af_aoede_p0_pitch_up.wav,Hey Jett,af_aoede,kokoro,positive,pitch_up,0.59
kokoro_af_aoede_p0_pitch_down.wav,Hey Jett,af_aoede,kokoro,positive,pitch_down,0.64
kokoro_af_aoede_p1_normal.wav,Hey Jett.,af_aoede,kokoro,positive,normal,0.69
kokoro_af_aoede_p1_fast.wav,Hey Jett.,af_aoede,kokoro,positive,fast,0.61
kokoro_af_aoede_p1_slow.wav,Hey Jett.,af_aoede,kokoro,positive,slow,0.79
kokoro_af_aoede_p1_pitch_up.wav,Hey Jett.,af_aoede,kokoro,positive,pitch_up,0.66
kokoro_af_aoede_p1_pitch_down.wav,Hey Jett.,af_aoede,kokoro,positive,pitch_down,0.72
kokoro_af_aoede_p2_normal.wav,"Hey, Jett!",af_aoede,kokoro,positive,normal,0.67
kokoro_af_aoede_p2_fast.wav,"Hey, Jett!",af_aoede,kokoro,positive,fast,0.60
kokoro_af_aoede_p2_slow.wav,"Hey, Jett!",af_aoede,kokoro,positive,slow,0.78
kokoro_af_aoede_p2_pitch_up.wav,"Hey, Jett!",af_aoede,kokoro,positive,pitch_up,0.65
kokoro_af_aoede_p2_pitch_down.wav,"Hey, Jett!",af_aoede,kokoro,positive,pitch_down,0.70
kokoro_af_aoede_p3_normal.wav,Hey Jett?,af_aoede,kokoro,positive,normal,0.67
kokoro_af_aoede_p3_fast.wav,Hey Jett?,af_aoede,kokoro,positive,fast,0.59
kokoro_af_aoede_p3_slow.wav,Hey Jett?,af_aoede,kokoro,positive,slow,0.78
kokoro_af_aoede_p3_pitch_up.wav,Hey Jett?,af_aoede,kokoro,positive,pitch_up,0.64
kokoro_af_aoede_p3_pitch_down.wav,Hey Jett?,af_aoede,kokoro,positive,pitch_down,0.69
kokoro_af_kore_p0_normal.wav,Hey Jett,af_kore,kokoro,positive,normal,0.64
kokoro_af_kore_p0_fast.wav,Hey Jett,af_kore,kokoro,positive,fast,0.55
kokoro_af_kore_p0_slow.wav,Hey Jett,af_kore,kokoro,positive,slow,0.69
kokoro_af_kore_p0_pitch_up.wav,Hey Jett,af_kore,kokoro,positive,pitch_up,0.61
kokoro_af_kore_p0_pitch_down.wav,Hey Jett,af_kore,kokoro,positive,pitch_down,0.66
kokoro_af_kore_p1_normal.wav,Hey Jett.,af_kore,kokoro,positive,normal,0.68
kokoro_af_kore_p1_fast.wav,Hey Jett.,af_kore,kokoro,positive,fast,0.62
kokoro_af_kore_p1_slow.wav,Hey Jett.,af_kore,kokoro,positive,slow,0.76
kokoro_af_kore_p1_pitch_up.wav,Hey Jett.,af_kore,kokoro,positive,pitch_up,0.65
kokoro_af_kore_p1_pitch_down.wav,Hey Jett.,af_kore,kokoro,positive,pitch_down,0.71
kokoro_af_kore_p2_normal.wav,"Hey, Jett!",af_kore,kokoro,positive,normal,0.68
kokoro_af_kore_p2_fast.wav,"Hey, Jett!",af_kore,kokoro,positive,fast,0.60
kokoro_af_kore_p2_slow.wav,"Hey, Jett!",af_kore,kokoro,positive,slow,0.75
kokoro_af_kore_p2_pitch_up.wav,"Hey, Jett!",af_kore,kokoro,positive,pitch_up,0.64
kokoro_af_kore_p2_pitch_down.wav,"Hey, Jett!",af_kore,kokoro,positive,pitch_down,0.69
kokoro_af_kore_p3_normal.wav,Hey Jett?,af_kore,kokoro,positive,normal,0.67
kokoro_af_kore_p3_fast.wav,Hey Jett?,af_kore,kokoro,positive,fast,0.61
kokoro_af_kore_p3_slow.wav,Hey Jett?,af_kore,kokoro,positive,slow,0.76
kokoro_af_kore_p3_pitch_up.wav,Hey Jett?,af_kore,kokoro,positive,pitch_up,0.64
kokoro_af_kore_p3_pitch_down.wav,Hey Jett?,af_kore,kokoro,positive,pitch_down,0.70
kokoro_af_sarah_p0_normal.wav,Hey Jett,af_sarah,kokoro,positive,normal,0.66
kokoro_af_sarah_p0_fast.wav,Hey Jett,af_sarah,kokoro,positive,fast,0.63
kokoro_af_sarah_p0_slow.wav,Hey Jett,af_sarah,kokoro,positive,slow,0.77
kokoro_af_sarah_p0_pitch_up.wav,Hey Jett,af_sarah,kokoro,positive,pitch_up,0.64
kokoro_af_sarah_p0_pitch_down.wav,Hey Jett,af_sarah,kokoro,positive,pitch_down,0.70
kokoro_af_sarah_p1_normal.wav,Hey Jett.,af_sarah,kokoro,positive,normal,0.70
kokoro_af_sarah_p1_fast.wav,Hey Jett.,af_sarah,kokoro,positive,fast,0.65
kokoro_af_sarah_p1_slow.wav,Hey Jett.,af_sarah,kokoro,positive,slow,0.84
kokoro_af_sarah_p1_pitch_up.wav,Hey Jett.,af_sarah,kokoro,positive,pitch_up,0.67
kokoro_af_sarah_p1_pitch_down.wav,Hey Jett.,af_sarah,kokoro,positive,pitch_down,0.73
kokoro_af_sarah_p2_normal.wav,"Hey, Jett!",af_sarah,kokoro,positive,normal,0.72
kokoro_af_sarah_p2_fast.wav,"Hey, Jett!",af_sarah,kokoro,positive,fast,0.68
kokoro_af_sarah_p2_slow.wav,"Hey, Jett!",af_sarah,kokoro,positive,slow,0.85
kokoro_af_sarah_p2_pitch_up.wav,"Hey, Jett!",af_sarah,kokoro,positive,pitch_up,0.70
kokoro_af_sarah_p2_pitch_down.wav,"Hey, Jett!",af_sarah,kokoro,positive,pitch_down,0.76
kokoro_af_sarah_p3_normal.wav,Hey Jett?,af_sarah,kokoro,positive,normal,0.74
kokoro_af_sarah_p3_fast.wav,Hey Jett?,af_sarah,kokoro,positive,fast,0.65
kokoro_af_sarah_p3_slow.wav,Hey Jett?,af_sarah,kokoro,positive,slow,0.83
kokoro_af_sarah_p3_pitch_up.wav,Hey Jett?,af_sarah,kokoro,positive,pitch_up,0.71
kokoro_af_sarah_p3_pitch_down.wav,Hey Jett?,af_sarah,kokoro,positive,pitch_down,0.77
kokoro_af_alloy_p0_normal.wav,Hey Jett,af_alloy,kokoro,positive,normal,0.74
kokoro_af_alloy_p0_fast.wav,Hey Jett,af_alloy,kokoro,positive,fast,0.78
kokoro_af_alloy_p0_slow.wav,Hey Jett,af_alloy,kokoro,positive,slow,1.02
kokoro_af_alloy_p0_pitch_up.wav,Hey Jett,af_alloy,kokoro,positive,pitch_up,0.71
kokoro_af_alloy_p0_pitch_down.wav,Hey Jett,af_alloy,kokoro,positive,pitch_down,0.78
kokoro_af_alloy_p1_normal.wav,Hey Jett.,af_alloy,kokoro,positive,normal,1.00
kokoro_af_alloy_p1_fast.wav,Hey Jett.,af_alloy,kokoro,positive,fast,1.06
kokoro_af_alloy_p1_slow.wav,Hey Jett.,af_alloy,kokoro,positive,slow,1.17
kokoro_af_alloy_p1_pitch_up.wav,Hey Jett.,af_alloy,kokoro,positive,pitch_up,0.95
kokoro_af_alloy_p1_pitch_down.wav,Hey Jett.,af_alloy,kokoro,positive,pitch_down,1.02
kokoro_af_alloy_p2_normal.wav,"Hey, Jett!",af_alloy,kokoro,positive,normal,1.10
kokoro_af_alloy_p2_fast.wav,"Hey, Jett!",af_alloy,kokoro,positive,fast,0.94
kokoro_af_alloy_p2_slow.wav,"Hey, Jett!",af_alloy,kokoro,positive,slow,1.24
kokoro_af_alloy_p2_pitch_up.wav,"Hey, Jett!",af_alloy,kokoro,positive,pitch_up,1.05
kokoro_af_alloy_p2_pitch_down.wav,"Hey, Jett!",af_alloy,kokoro,positive,pitch_down,1.18
kokoro_af_alloy_p3_normal.wav,Hey Jett?,af_alloy,kokoro,positive,normal,0.94
kokoro_af_alloy_p3_fast.wav,Hey Jett?,af_alloy,kokoro,positive,fast,0.84
kokoro_af_alloy_p3_slow.wav,Hey Jett?,af_alloy,kokoro,positive,slow,1.08
kokoro_af_alloy_p3_pitch_up.wav,Hey Jett?,af_alloy,kokoro,positive,pitch_up,0.90
kokoro_af_alloy_p3_pitch_down.wav,Hey Jett?,af_alloy,kokoro,positive,pitch_down,0.99
kokoro_af_nova_p0_normal.wav,Hey Jett,af_nova,kokoro,positive,normal,0.68
kokoro_af_nova_p0_fast.wav,Hey Jett,af_nova,kokoro,positive,fast,0.63
kokoro_af_nova_p0_slow.wav,Hey Jett,af_nova,kokoro,positive,slow,0.91
kokoro_af_nova_p0_pitch_up.wav,Hey Jett,af_nova,kokoro,positive,pitch_up,0.66
kokoro_af_nova_p0_pitch_down.wav,Hey Jett,af_nova,kokoro,positive,pitch_down,0.71
kokoro_af_nova_p1_normal.wav,Hey Jett.,af_nova,kokoro,positive,normal,0.83
kokoro_af_nova_p1_fast.wav,Hey Jett.,af_nova,kokoro,positive,fast,0.78
kokoro_af_nova_p1_slow.wav,Hey Jett.,af_nova,kokoro,positive,slow,1.03
kokoro_af_nova_p1_pitch_up.wav,Hey Jett.,af_nova,kokoro,positive,pitch_up,0.79
kokoro_af_nova_p1_pitch_down.wav,Hey Jett.,af_nova,kokoro,positive,pitch_down,0.86
kokoro_af_nova_p2_normal.wav,"Hey, Jett!",af_nova,kokoro,positive,normal,0.95
kokoro_af_nova_p2_fast.wav,"Hey, Jett!",af_nova,kokoro,positive,fast,0.88
kokoro_af_nova_p2_slow.wav,"Hey, Jett!",af_nova,kokoro,positive,slow,1.14
kokoro_af_nova_p2_pitch_up.wav,"Hey, Jett!",af_nova,kokoro,positive,pitch_up,0.91
kokoro_af_nova_p2_pitch_down.wav,"Hey, Jett!",af_nova,kokoro,positive,pitch_down,0.99
kokoro_af_nova_p3_normal.wav,Hey Jett?,af_nova,kokoro,positive,normal,0.83
kokoro_af_nova_p3_fast.wav,Hey Jett?,af_nova,kokoro,positive,fast,0.78
kokoro_af_nova_p3_slow.wav,Hey Jett?,af_nova,kokoro,positive,slow,1.02
kokoro_af_nova_p3_pitch_up.wav,Hey Jett?,af_nova,kokoro,positive,pitch_up,0.79
kokoro_af_nova_p3_pitch_down.wav,Hey Jett?,af_nova,kokoro,positive,pitch_down,0.87
kokoro_af_sky_p0_normal.wav,Hey Jett,af_sky,kokoro,positive,normal,0.80
kokoro_af_sky_p0_fast.wav,Hey Jett,af_sky,kokoro,positive,fast,0.69
kokoro_af_sky_p0_slow.wav,Hey Jett,af_sky,kokoro,positive,slow,0.94
kokoro_af_sky_p0_pitch_up.wav,Hey Jett,af_sky,kokoro,positive,pitch_up,0.76
kokoro_af_sky_p0_pitch_down.wav,Hey Jett,af_sky,kokoro,positive,pitch_down,0.83
kokoro_af_sky_p1_normal.wav,Hey Jett.,af_sky,kokoro,positive,normal,0.82
kokoro_af_sky_p1_fast.wav,Hey Jett.,af_sky,kokoro,positive,fast,0.73
kokoro_af_sky_p1_slow.wav,Hey Jett.,af_sky,kokoro,positive,slow,0.95
kokoro_af_sky_p1_pitch_up.wav,Hey Jett.,af_sky,kokoro,positive,pitch_up,0.81
kokoro_af_sky_p1_pitch_down.wav,Hey Jett.,af_sky,kokoro,positive,pitch_down,0.87
kokoro_af_sky_p2_normal.wav,"Hey, Jett!",af_sky,kokoro,positive,normal,0.86
kokoro_af_sky_p2_fast.wav,"Hey, Jett!",af_sky,kokoro,positive,fast,0.71
kokoro_af_sky_p2_slow.wav,"Hey, Jett!",af_sky,kokoro,positive,slow,1.01
kokoro_af_sky_p2_pitch_up.wav,"Hey, Jett!",af_sky,kokoro,positive,pitch_up,0.82
kokoro_af_sky_p2_pitch_down.wav,"Hey, Jett!",af_sky,kokoro,positive,pitch_down,0.89
kokoro_af_sky_p3_normal.wav,Hey Jett?,af_sky,kokoro,positive,normal,0.85
kokoro_af_sky_p3_fast.wav,Hey Jett?,af_sky,kokoro,positive,fast,0.70
kokoro_af_sky_p3_slow.wav,Hey Jett?,af_sky,kokoro,positive,slow,1.01
kokoro_af_sky_p3_pitch_up.wav,Hey Jett?,af_sky,kokoro,positive,pitch_up,0.82
kokoro_af_sky_p3_pitch_down.wav,Hey Jett?,af_sky,kokoro,positive,pitch_down,0.89
kokoro_af_jessica_p0_normal.wav,Hey Jett,af_jessica,kokoro,positive,normal,0.80
kokoro_af_jessica_p0_fast.wav,Hey Jett,af_jessica,kokoro,positive,fast,0.71
kokoro_af_jessica_p0_slow.wav,Hey Jett,af_jessica,kokoro,positive,slow,0.79
kokoro_af_jessica_p0_pitch_up.wav,Hey Jett,af_jessica,kokoro,positive,pitch_up,0.77
kokoro_af_jessica_p0_pitch_down.wav,Hey Jett,af_jessica,kokoro,positive,pitch_down,0.83
kokoro_af_jessica_p1_normal.wav,Hey Jett.,af_jessica,kokoro,positive,normal,0.80
kokoro_af_jessica_p1_fast.wav,Hey Jett.,af_jessica,kokoro,positive,fast,0.81
kokoro_af_jessica_p1_slow.wav,Hey Jett.,af_jessica,kokoro,positive,slow,0.94
kokoro_af_jessica_p1_pitch_up.wav,Hey Jett.,af_jessica,kokoro,positive,pitch_up,0.77
kokoro_af_jessica_p1_pitch_down.wav,Hey Jett.,af_jessica,kokoro,positive,pitch_down,0.84
kokoro_af_jessica_p2_normal.wav,"Hey, Jett!",af_jessica,kokoro,positive,normal,0.76
kokoro_af_jessica_p2_fast.wav,"Hey, Jett!",af_jessica,kokoro,positive,fast,0.76
kokoro_af_jessica_p2_slow.wav,"Hey, Jett!",af_jessica,kokoro,positive,slow,0.86
kokoro_af_jessica_p2_pitch_up.wav,"Hey, Jett!",af_jessica,kokoro,positive,pitch_up,0.73
kokoro_af_jessica_p2_pitch_down.wav,"Hey, Jett!",af_jessica,kokoro,positive,pitch_down,0.79
kokoro_af_jessica_p3_normal.wav,Hey Jett?,af_jessica,kokoro,positive,normal,0.82
kokoro_af_jessica_p3_fast.wav,Hey Jett?,af_jessica,kokoro,positive,fast,0.73
kokoro_af_jessica_p3_slow.wav,Hey Jett?,af_jessica,kokoro,positive,slow,0.94
kokoro_af_jessica_p3_pitch_up.wav,Hey Jett?,af_jessica,kokoro,positive,pitch_up,0.79
kokoro_af_jessica_p3_pitch_down.wav,Hey Jett?,af_jessica,kokoro,positive,pitch_down,0.87
kokoro_af_river_p0_normal.wav,Hey Jett,af_river,kokoro,positive,normal,0.89
kokoro_af_river_p0_fast.wav,Hey Jett,af_river,kokoro,positive,fast,0.83
kokoro_af_river_p0_slow.wav,Hey Jett,af_river,kokoro,positive,slow,1.03
kokoro_af_river_p0_pitch_up.wav,Hey Jett,af_river,kokoro,positive,pitch_up,0.85
kokoro_af_river_p0_pitch_down.wav,Hey Jett,af_river,kokoro,positive,pitch_down,0.93
kokoro_af_river_p1_normal.wav,Hey Jett.,af_river,kokoro,positive,normal,0.94
kokoro_af_river_p1_fast.wav,Hey Jett.,af_river,kokoro,positive,fast,0.84
kokoro_af_river_p1_slow.wav,Hey Jett.,af_river,kokoro,positive,slow,1.08
kokoro_af_river_p1_pitch_up.wav,Hey Jett.,af_river,kokoro,positive,pitch_up,0.90
kokoro_af_river_p1_pitch_down.wav,Hey Jett.,af_river,kokoro,positive,pitch_down,0.98
kokoro_af_river_p2_normal.wav,"Hey, Jett!",af_river,kokoro,positive,normal,0.98
kokoro_af_river_p2_fast.wav,"Hey, Jett!",af_river,kokoro,positive,fast,0.84
kokoro_af_river_p2_slow.wav,"Hey, Jett!",af_river,kokoro,positive,slow,1.10
kokoro_af_river_p2_pitch_up.wav,"Hey, Jett!",af_river,kokoro,positive,pitch_up,0.94
kokoro_af_river_p2_pitch_down.wav,"Hey, Jett!",af_river,kokoro,positive,pitch_down,1.03
kokoro_af_river_p3_normal.wav,Hey Jett?,af_river,kokoro,positive,normal,0.94
kokoro_af_river_p3_fast.wav,Hey Jett?,af_river,kokoro,positive,fast,0.82
kokoro_af_river_p3_slow.wav,Hey Jett?,af_river,kokoro,positive,slow,1.06
kokoro_af_river_p3_pitch_up.wav,Hey Jett?,af_river,kokoro,positive,pitch_up,0.90
kokoro_af_river_p3_pitch_down.wav,Hey Jett?,af_river,kokoro,positive,pitch_down,0.98
kokoro_am_fenrir_p0_normal.wav,Hey Jett,am_fenrir,kokoro,positive,normal,0.64
kokoro_am_fenrir_p0_fast.wav,Hey Jett,am_fenrir,kokoro,positive,fast,0.55
kokoro_am_fenrir_p0_slow.wav,Hey Jett,am_fenrir,kokoro,positive,slow,0.71
kokoro_am_fenrir_p0_pitch_up.wav,Hey Jett,am_fenrir,kokoro,positive,pitch_up,0.62
kokoro_am_fenrir_p0_pitch_down.wav,Hey Jett,am_fenrir,kokoro,positive,pitch_down,0.67
kokoro_am_fenrir_p1_normal.wav,Hey Jett.,am_fenrir,kokoro,positive,normal,0.67
kokoro_am_fenrir_p1_fast.wav,Hey Jett.,am_fenrir,kokoro,positive,fast,0.60
kokoro_am_fenrir_p1_slow.wav,Hey Jett.,am_fenrir,kokoro,positive,slow,0.77
kokoro_am_fenrir_p1_pitch_up.wav,Hey Jett.,am_fenrir,kokoro,positive,pitch_up,0.65
kokoro_am_fenrir_p1_pitch_down.wav,Hey Jett.,am_fenrir,kokoro,positive,pitch_down,0.72
kokoro_am_fenrir_p2_normal.wav,"Hey, Jett!",am_fenrir,kokoro,positive,normal,0.65
kokoro_am_fenrir_p2_fast.wav,"Hey, Jett!",am_fenrir,kokoro,positive,fast,0.60
kokoro_am_fenrir_p2_slow.wav,"Hey, Jett!",am_fenrir,kokoro,positive,slow,0.76
kokoro_am_fenrir_p2_pitch_up.wav,"Hey, Jett!",am_fenrir,kokoro,positive,pitch_up,0.62
kokoro_am_fenrir_p2_pitch_down.wav,"Hey, Jett!",am_fenrir,kokoro,positive,pitch_down,0.68
kokoro_am_fenrir_p3_normal.wav,Hey Jett?,am_fenrir,kokoro,positive,normal,0.64
kokoro_am_fenrir_p3_fast.wav,Hey Jett?,am_fenrir,kokoro,positive,fast,0.58
kokoro_am_fenrir_p3_slow.wav,Hey Jett?,am_fenrir,kokoro,positive,slow,0.73
kokoro_am_fenrir_p3_pitch_up.wav,Hey Jett?,am_fenrir,kokoro,positive,pitch_up,0.62
kokoro_am_fenrir_p3_pitch_down.wav,Hey Jett?,am_fenrir,kokoro,positive,pitch_down,0.67
kokoro_am_michael_p0_normal.wav,Hey Jett,am_michael,kokoro,positive,normal,0.66
kokoro_am_michael_p0_fast.wav,Hey Jett,am_michael,kokoro,positive,fast,0.55
kokoro_am_michael_p0_slow.wav,Hey Jett,am_michael,kokoro,positive,slow,0.83
kokoro_am_michael_p0_pitch_up.wav,Hey Jett,am_michael,kokoro,positive,pitch_up,0.70
kokoro_am_michael_p0_pitch_down.wav,Hey Jett,am_michael,kokoro,positive,pitch_down,0.69
kokoro_am_michael_p1_normal.wav,Hey Jett.,am_michael,kokoro,positive,normal,0.76
kokoro_am_michael_p1_fast.wav,Hey Jett.,am_michael,kokoro,positive,fast,0.65
kokoro_am_michael_p1_slow.wav,Hey Jett.,am_michael,kokoro,positive,slow,0.88
kokoro_am_michael_p1_pitch_up.wav,Hey Jett.,am_michael,kokoro,positive,pitch_up,0.73
kokoro_am_michael_p1_pitch_down.wav,Hey Jett.,am_michael,kokoro,positive,pitch_down,0.80
kokoro_am_michael_p2_normal.wav,"Hey, Jett!",am_michael,kokoro,positive,normal,0.76
kokoro_am_michael_p2_fast.wav,"Hey, Jett!",am_michael,kokoro,positive,fast,0.57
kokoro_am_michael_p2_slow.wav,"Hey, Jett!",am_michael,kokoro,positive,slow,0.90
kokoro_am_michael_p2_pitch_up.wav,"Hey, Jett!",am_michael,kokoro,positive,pitch_up,0.73
kokoro_am_michael_p2_pitch_down.wav,"Hey, Jett!",am_michael,kokoro,positive,pitch_down,0.79
kokoro_am_michael_p3_normal.wav,Hey Jett?,am_michael,kokoro,positive,normal,0.76
kokoro_am_michael_p3_fast.wav,Hey Jett?,am_michael,kokoro,positive,fast,0.65
kokoro_am_michael_p3_slow.wav,Hey Jett?,am_michael,kokoro,positive,slow,0.91
kokoro_am_michael_p3_pitch_up.wav,Hey Jett?,am_michael,kokoro,positive,pitch_up,0.73
kokoro_am_michael_p3_pitch_down.wav,Hey Jett?,am_michael,kokoro,positive,pitch_down,0.79
kokoro_am_puck_p0_normal.wav,Hey Jett,am_puck,kokoro,positive,normal,0.63
kokoro_am_puck_p0_fast.wav,Hey Jett,am_puck,kokoro,positive,fast,0.57
kokoro_am_puck_p0_slow.wav,Hey Jett,am_puck,kokoro,positive,slow,0.70
kokoro_am_puck_p0_pitch_up.wav,Hey Jett,am_puck,kokoro,positive,pitch_up,0.60
kokoro_am_puck_p0_pitch_down.wav,Hey Jett,am_puck,kokoro,positive,pitch_down,0.65
kokoro_am_puck_p1_normal.wav,Hey Jett.,am_puck,kokoro,positive,normal,0.67
kokoro_am_puck_p1_fast.wav,Hey Jett.,am_puck,kokoro,positive,fast,0.60
kokoro_am_puck_p1_slow.wav,Hey Jett.,am_puck,kokoro,positive,slow,0.73
kokoro_am_puck_p1_pitch_up.wav,Hey Jett.,am_puck,kokoro,positive,pitch_up,0.64
kokoro_am_puck_p1_pitch_down.wav,Hey Jett.,am_puck,kokoro,positive,pitch_down,0.70
kokoro_am_puck_p2_normal.wav,"Hey, Jett!",am_puck,kokoro,positive,normal,0.64
kokoro_am_puck_p2_fast.wav,"Hey, Jett!",am_puck,kokoro,positive,fast,0.60
kokoro_am_puck_p2_slow.wav,"Hey, Jett!",am_puck,kokoro,positive,slow,0.73
kokoro_am_puck_p2_pitch_up.wav,"Hey, Jett!",am_puck,kokoro,positive,pitch_up,0.62
kokoro_am_puck_p2_pitch_down.wav,"Hey, Jett!",am_puck,kokoro,positive,pitch_down,0.67
kokoro_am_puck_p3_normal.wav,Hey Jett?,am_puck,kokoro,positive,normal,0.65
kokoro_am_puck_p3_fast.wav,Hey Jett?,am_puck,kokoro,positive,fast,0.60
kokoro_am_puck_p3_slow.wav,Hey Jett?,am_puck,kokoro,positive,slow,0.71
kokoro_am_puck_p3_pitch_up.wav,Hey Jett?,am_puck,kokoro,positive,pitch_up,0.62
kokoro_am_puck_p3_pitch_down.wav,Hey Jett?,am_puck,kokoro,positive,pitch_down,0.67
kokoro_am_echo_p0_normal.wav,Hey Jett,am_echo,kokoro,positive,normal,0.79
kokoro_am_echo_p0_fast.wav,Hey Jett,am_echo,kokoro,positive,fast,0.67
kokoro_am_echo_p0_slow.wav,Hey Jett,am_echo,kokoro,positive,slow,0.96
kokoro_am_echo_p0_pitch_up.wav,Hey Jett,am_echo,kokoro,positive,pitch_up,0.75
kokoro_am_echo_p0_pitch_down.wav,Hey Jett,am_echo,kokoro,positive,pitch_down,0.82
kokoro_am_echo_p1_normal.wav,Hey Jett.,am_echo,kokoro,positive,normal,0.93
kokoro_am_echo_p1_fast.wav,Hey Jett.,am_echo,kokoro,positive,fast,0.78
kokoro_am_echo_p1_slow.wav,Hey Jett.,am_echo,kokoro,positive,slow,1.12
kokoro_am_echo_p1_pitch_up.wav,Hey Jett.,am_echo,kokoro,positive,pitch_up,0.89
kokoro_am_echo_p1_pitch_down.wav,Hey Jett.,am_echo,kokoro,positive,pitch_down,0.97
kokoro_am_echo_p2_normal.wav,"Hey, Jett!",am_echo,kokoro,positive,normal,0.99
kokoro_am_echo_p2_fast.wav,"Hey, Jett!",am_echo,kokoro,positive,fast,0.82
kokoro_am_echo_p2_slow.wav,"Hey, Jett!",am_echo,kokoro,positive,slow,1.16
kokoro_am_echo_p2_pitch_up.wav,"Hey, Jett!",am_echo,kokoro,positive,pitch_up,0.94
kokoro_am_echo_p2_pitch_down.wav,"Hey, Jett!",am_echo,kokoro,positive,pitch_down,1.03
kokoro_am_echo_p3_normal.wav,Hey Jett?,am_echo,kokoro,positive,normal,0.90
kokoro_am_echo_p3_fast.wav,Hey Jett?,am_echo,kokoro,positive,fast,0.69
kokoro_am_echo_p3_slow.wav,Hey Jett?,am_echo,kokoro,positive,slow,1.09
kokoro_am_echo_p3_pitch_up.wav,Hey Jett?,am_echo,kokoro,positive,pitch_up,0.87
kokoro_am_echo_p3_pitch_down.wav,Hey Jett?,am_echo,kokoro,positive,pitch_down,0.95
kokoro_am_eric_p0_normal.wav,Hey Jett,am_eric,kokoro,positive,normal,0.60
kokoro_am_eric_p0_fast.wav,Hey Jett,am_eric,kokoro,positive,fast,0.57
kokoro_am_eric_p0_slow.wav,Hey Jett,am_eric,kokoro,positive,slow,0.69
kokoro_am_eric_p0_pitch_up.wav,Hey Jett,am_eric,kokoro,positive,pitch_up,0.58
kokoro_am_eric_p0_pitch_down.wav,Hey Jett,am_eric,kokoro,positive,pitch_down,0.63
kokoro_am_eric_p1_normal.wav,Hey Jett.,am_eric,kokoro,positive,normal,0.70
kokoro_am_eric_p1_fast.wav,Hey Jett.,am_eric,kokoro,positive,fast,0.66
kokoro_am_eric_p1_slow.wav,Hey Jett.,am_eric,kokoro,positive,slow,0.82
kokoro_am_eric_p1_pitch_up.wav,Hey Jett.,am_eric,kokoro,positive,pitch_up,0.67
kokoro_am_eric_p1_pitch_down.wav,Hey Jett.,am_eric,kokoro,positive,pitch_down,0.73
kokoro_am_eric_p2_normal.wav,"Hey, Jett!",am_eric,kokoro,positive,normal,0.72
kokoro_am_eric_p2_fast.wav,"Hey, Jett!",am_eric,kokoro,positive,fast,0.69
kokoro_am_eric_p2_slow.wav,"Hey, Jett!",am_eric,kokoro,positive,slow,0.87
kokoro_am_eric_p2_pitch_up.wav,"Hey, Jett!",am_eric,kokoro,positive,pitch_up,0.69
kokoro_am_eric_p2_pitch_down.wav,"Hey, Jett!",am_eric,kokoro,positive,pitch_down,0.76
kokoro_am_eric_p3_normal.wav,Hey Jett?,am_eric,kokoro,positive,normal,0.74
kokoro_am_eric_p3_fast.wav,Hey Jett?,am_eric,kokoro,positive,fast,0.64
kokoro_am_eric_p3_slow.wav,Hey Jett?,am_eric,kokoro,positive,slow,0.84
kokoro_am_eric_p3_pitch_up.wav,Hey Jett?,am_eric,kokoro,positive,pitch_up,0.71
kokoro_am_eric_p3_pitch_down.wav,Hey Jett?,am_eric,kokoro,positive,pitch_down,0.77
kokoro_am_liam_p0_normal.wav,Hey Jett,am_liam,kokoro,positive,normal,0.74
kokoro_am_liam_p0_fast.wav,Hey Jett,am_liam,kokoro,positive,fast,0.65
kokoro_am_liam_p0_slow.wav,Hey Jett,am_liam,kokoro,positive,slow,0.79
kokoro_am_liam_p0_pitch_up.wav,Hey Jett,am_liam,kokoro,positive,pitch_up,0.70
kokoro_am_liam_p0_pitch_down.wav,Hey Jett,am_liam,kokoro,positive,pitch_down,0.77
kokoro_am_liam_p1_normal.wav,Hey Jett.,am_liam,kokoro,positive,normal,0.88
kokoro_am_liam_p1_fast.wav,Hey Jett.,am_liam,kokoro,positive,fast,0.74
kokoro_am_liam_p1_slow.wav,Hey Jett.,am_liam,kokoro,positive,slow,1.00
kokoro_am_liam_p1_pitch_up.wav,Hey Jett.,am_liam,kokoro,positive,pitch_up,0.85
kokoro_am_liam_p1_pitch_down.wav,Hey Jett.,am_liam,kokoro,positive,pitch_down,0.92
kokoro_am_liam_p2_normal.wav,"Hey, Jett!",am_liam,kokoro,positive,normal,0.91
kokoro_am_liam_p2_fast.wav,"Hey, Jett!",am_liam,kokoro,positive,fast,0.76
kokoro_am_liam_p2_slow.wav,"Hey, Jett!",am_liam,kokoro,positive,slow,1.02
kokoro_am_liam_p2_pitch_up.wav,"Hey, Jett!",am_liam,kokoro,positive,pitch_up,0.88
kokoro_am_liam_p2_pitch_down.wav,"Hey, Jett!",am_liam,kokoro,positive,pitch_down,0.97
kokoro_am_liam_p3_normal.wav,Hey Jett?,am_liam,kokoro,positive,normal,0.83
kokoro_am_liam_p3_fast.wav,Hey Jett?,am_liam,kokoro,positive,fast,0.75
kokoro_am_liam_p3_slow.wav,Hey Jett?,am_liam,kokoro,positive,slow,1.00
kokoro_am_liam_p3_pitch_up.wav,Hey Jett?,am_liam,kokoro,positive,pitch_up,0.80
kokoro_am_liam_p3_pitch_down.wav,Hey Jett?,am_liam,kokoro,positive,pitch_down,0.87
kokoro_am_onyx_p0_normal.wav,Hey Jett,am_onyx,kokoro,positive,normal,0.68
kokoro_am_onyx_p0_fast.wav,Hey Jett,am_onyx,kokoro,positive,fast,0.64
kokoro_am_onyx_p0_slow.wav,Hey Jett,am_onyx,kokoro,positive,slow,0.80
kokoro_am_onyx_p0_pitch_up.wav,Hey Jett,am_onyx,kokoro,positive,pitch_up,0.66
kokoro_am_onyx_p0_pitch_down.wav,Hey Jett,am_onyx,kokoro,positive,pitch_down,0.71
kokoro_am_onyx_p1_normal.wav,Hey Jett.,am_onyx,kokoro,positive,normal,0.73
kokoro_am_onyx_p1_fast.wav,Hey Jett.,am_onyx,kokoro,positive,fast,0.75
kokoro_am_onyx_p1_slow.wav,Hey Jett.,am_onyx,kokoro,positive,slow,0.89
kokoro_am_onyx_p1_pitch_up.wav,Hey Jett.,am_onyx,kokoro,positive,pitch_up,0.69
kokoro_am_onyx_p1_pitch_down.wav,Hey Jett.,am_onyx,kokoro,positive,pitch_down,0.75
kokoro_am_onyx_p2_normal.wav,"Hey, Jett!",am_onyx,kokoro,positive,normal,0.76
kokoro_am_onyx_p2_fast.wav,"Hey, Jett!",am_onyx,kokoro,positive,fast,0.69
kokoro_am_onyx_p2_slow.wav,"Hey, Jett!",am_onyx,kokoro,positive,slow,0.83
kokoro_am_onyx_p2_pitch_up.wav,"Hey, Jett!",am_onyx,kokoro,positive,pitch_up,0.73
kokoro_am_onyx_p2_pitch_down.wav,"Hey, Jett!",am_onyx,kokoro,positive,pitch_down,0.80
kokoro_am_onyx_p3_normal.wav,Hey Jett?,am_onyx,kokoro,positive,normal,0.74
kokoro_am_onyx_p3_fast.wav,Hey Jett?,am_onyx,kokoro,positive,fast,0.75
kokoro_am_onyx_p3_slow.wav,Hey Jett?,am_onyx,kokoro,positive,slow,0.85
kokoro_am_onyx_p3_pitch_up.wav,Hey Jett?,am_onyx,kokoro,positive,pitch_up,0.71
kokoro_am_onyx_p3_pitch_down.wav,Hey Jett?,am_onyx,kokoro,positive,pitch_down,0.78
kokoro_am_santa_p0_normal.wav,Hey Jett,am_santa,kokoro,positive,normal,0.76
kokoro_am_santa_p0_fast.wav,Hey Jett,am_santa,kokoro,positive,fast,0.68
kokoro_am_santa_p0_slow.wav,Hey Jett,am_santa,kokoro,positive,slow,0.92
kokoro_am_santa_p0_pitch_up.wav,Hey Jett,am_santa,kokoro,positive,pitch_up,0.74
kokoro_am_santa_p0_pitch_down.wav,Hey Jett,am_santa,kokoro,positive,pitch_down,0.80
kokoro_am_santa_p1_normal.wav,Hey Jett.,am_santa,kokoro,positive,normal,0.85
kokoro_am_santa_p1_fast.wav,Hey Jett.,am_santa,kokoro,positive,fast,0.66
kokoro_am_santa_p1_slow.wav,Hey Jett.,am_santa,kokoro,positive,slow,0.97
kokoro_am_santa_p1_pitch_up.wav,Hey Jett.,am_santa,kokoro,positive,pitch_up,0.82
kokoro_am_santa_p1_pitch_down.wav,Hey Jett.,am_santa,kokoro,positive,pitch_down,0.89
kokoro_am_santa_p2_normal.wav,"Hey, Jett!",am_santa,kokoro,positive,normal,0.88
kokoro_am_santa_p2_fast.wav,"Hey, Jett!",am_santa,kokoro,positive,fast,0.80
kokoro_am_santa_p2_slow.wav,"Hey, Jett!",am_santa,kokoro,positive,slow,1.10
kokoro_am_santa_p2_pitch_up.wav,"Hey, Jett!",am_santa,kokoro,positive,pitch_up,0.84
kokoro_am_santa_p2_pitch_down.wav,"Hey, Jett!",am_santa,kokoro,positive,pitch_down,0.94
kokoro_am_santa_p3_normal.wav,Hey Jett?,am_santa,kokoro,positive,normal,0.83
kokoro_am_santa_p3_fast.wav,Hey Jett?,am_santa,kokoro,positive,fast,0.79
kokoro_am_santa_p3_slow.wav,Hey Jett?,am_santa,kokoro,positive,slow,0.96
kokoro_am_santa_p3_pitch_up.wav,Hey Jett?,am_santa,kokoro,positive,pitch_up,0.80
kokoro_am_santa_p3_pitch_down.wav,Hey Jett?,am_santa,kokoro,positive,pitch_down,0.88
kokoro_am_adam_p0_normal.wav,Hey Jett,am_adam,kokoro,positive,normal,0.67
kokoro_am_adam_p0_fast.wav,Hey Jett,am_adam,kokoro,positive,fast,0.62
kokoro_am_adam_p0_slow.wav,Hey Jett,am_adam,kokoro,positive,slow,0.80
kokoro_am_adam_p0_pitch_up.wav,Hey Jett,am_adam,kokoro,positive,pitch_up,0.65
kokoro_am_adam_p0_pitch_down.wav,Hey Jett,am_adam,kokoro,positive,pitch_down,0.71
kokoro_am_adam_p1_normal.wav,Hey Jett.,am_adam,kokoro,positive,normal,0.72
kokoro_am_adam_p1_fast.wav,Hey Jett.,am_adam,kokoro,positive,fast,0.69
kokoro_am_adam_p1_slow.wav,Hey Jett.,am_adam,kokoro,positive,slow,0.90
kokoro_am_adam_p1_pitch_up.wav,Hey Jett.,am_adam,kokoro,positive,pitch_up,0.69
kokoro_am_adam_p1_pitch_down.wav,Hey Jett.,am_adam,kokoro,positive,pitch_down,0.77
kokoro_am_adam_p2_normal.wav,"Hey, Jett!",am_adam,kokoro,positive,normal,0.73
kokoro_am_adam_p2_fast.wav,"Hey, Jett!",am_adam,kokoro,positive,fast,0.69
kokoro_am_adam_p2_slow.wav,"Hey, Jett!",am_adam,kokoro,positive,slow,0.86
kokoro_am_adam_p2_pitch_up.wav,"Hey, Jett!",am_adam,kokoro,positive,pitch_up,0.70
kokoro_am_adam_p2_pitch_down.wav,"Hey, Jett!",am_adam,kokoro,positive,pitch_down,0.78
kokoro_am_adam_p3_normal.wav,Hey Jett?,am_adam,kokoro,positive,normal,0.75
kokoro_am_adam_p3_fast.wav,Hey Jett?,am_adam,kokoro,positive,fast,0.68
kokoro_am_adam_p3_slow.wav,Hey Jett?,am_adam,kokoro,positive,slow,0.85
kokoro_am_adam_p3_pitch_up.wav,Hey Jett?,am_adam,kokoro,positive,pitch_up,0.72
kokoro_am_adam_p3_pitch_down.wav,Hey Jett?,am_adam,kokoro,positive,pitch_down,0.78
kokoro_bf_emma_p0_normal.wav,Hey Jett,bf_emma,kokoro,positive,normal,0.73
kokoro_bf_emma_p0_fast.wav,Hey Jett,bf_emma,kokoro,positive,fast,0.63
kokoro_bf_emma_p0_slow.wav,Hey Jett,bf_emma,kokoro,positive,slow,0.84
kokoro_bf_emma_p0_pitch_up.wav,Hey Jett,bf_emma,kokoro,positive,pitch_up,0.70
kokoro_bf_emma_p0_pitch_down.wav,Hey Jett,bf_emma,kokoro,positive,pitch_down,0.76
kokoro_bf_emma_p1_normal.wav,Hey Jett.,bf_emma,kokoro,positive,normal,0.80
kokoro_bf_emma_p1_fast.wav,Hey Jett.,bf_emma,kokoro,positive,fast,0.70
kokoro_bf_emma_p1_slow.wav,Hey Jett.,bf_emma,kokoro,positive,slow,0.89
kokoro_bf_emma_p1_pitch_up.wav,Hey Jett.,bf_emma,kokoro,positive,pitch_up,0.77
kokoro_bf_emma_p1_pitch_down.wav,Hey Jett.,bf_emma,kokoro,positive,pitch_down,0.84
kokoro_bf_emma_p2_normal.wav,"Hey, Jett!",bf_emma,kokoro,positive,normal,0.88
kokoro_bf_emma_p2_fast.wav,"Hey, Jett!",bf_emma,kokoro,positive,fast,0.79
kokoro_bf_emma_p2_slow.wav,"Hey, Jett!",bf_emma,kokoro,positive,slow,0.99
kokoro_bf_emma_p2_pitch_up.wav,"Hey, Jett!",bf_emma,kokoro,positive,pitch_up,0.84
kokoro_bf_emma_p2_pitch_down.wav,"Hey, Jett!",bf_emma,kokoro,positive,pitch_down,0.92
kokoro_bf_emma_p3_normal.wav,Hey Jett?,bf_emma,kokoro,positive,normal,0.82
kokoro_bf_emma_p3_fast.wav,Hey Jett?,bf_emma,kokoro,positive,fast,0.71
kokoro_bf_emma_p3_slow.wav,Hey Jett?,bf_emma,kokoro,positive,slow,0.89
kokoro_bf_emma_p3_pitch_up.wav,Hey Jett?,bf_emma,kokoro,positive,pitch_up,0.78
kokoro_bf_emma_p3_pitch_down.wav,Hey Jett?,bf_emma,kokoro,positive,pitch_down,0.86
kokoro_bf_isabella_p0_normal.wav,Hey Jett,bf_isabella,kokoro,positive,normal,0.88
kokoro_bf_isabella_p0_fast.wav,Hey Jett,bf_isabella,kokoro,positive,fast,0.81
kokoro_bf_isabella_p0_slow.wav,Hey Jett,bf_isabella,kokoro,positive,slow,1.03
kokoro_bf_isabella_p0_pitch_up.wav,Hey Jett,bf_isabella,kokoro,positive,pitch_up,0.84
kokoro_bf_isabella_p0_pitch_down.wav,Hey Jett,bf_isabella,kokoro,positive,pitch_down,0.92
kokoro_bf_isabella_p1_normal.wav,Hey Jett.,bf_isabella,kokoro,positive,normal,0.90
kokoro_bf_isabella_p1_fast.wav,Hey Jett.,bf_isabella,kokoro,positive,fast,0.81
kokoro_bf_isabella_p1_slow.wav,Hey Jett.,bf_isabella,kokoro,positive,slow,1.04
kokoro_bf_isabella_p1_pitch_up.wav,Hey Jett.,bf_isabella,kokoro,positive,pitch_up,0.86
kokoro_bf_isabella_p1_pitch_down.wav,Hey Jett.,bf_isabella,kokoro,positive,pitch_down,0.94
kokoro_bf_isabella_p2_normal.wav,"Hey, Jett!",bf_isabella,kokoro,positive,normal,0.92
kokoro_bf_isabella_p2_fast.wav,"Hey, Jett!",bf_isabella,kokoro,positive,fast,0.81
kokoro_bf_isabella_p2_slow.wav,"Hey, Jett!",bf_isabella,kokoro,positive,slow,1.05
kokoro_bf_isabella_p2_pitch_up.wav,"Hey, Jett!",bf_isabella,kokoro,positive,pitch_up,0.88
kokoro_bf_isabella_p2_pitch_down.wav,"Hey, Jett!",bf_isabella,kokoro,positive,pitch_down,0.96
kokoro_bf_isabella_p3_normal.wav,Hey Jett?,bf_isabella,kokoro,positive,normal,0.88
kokoro_bf_isabella_p3_fast.wav,Hey Jett?,bf_isabella,kokoro,positive,fast,0.80
kokoro_bf_isabella_p3_slow.wav,Hey Jett?,bf_isabella,kokoro,positive,slow,1.01
kokoro_bf_isabella_p3_pitch_up.wav,Hey Jett?,bf_isabella,kokoro,positive,pitch_up,0.85
kokoro_bf_isabella_p3_pitch_down.wav,Hey Jett?,bf_isabella,kokoro,positive,pitch_down,0.93
kokoro_bf_alice_p0_normal.wav,Hey Jett,bf_alice,kokoro,positive,normal,0.86
kokoro_bf_alice_p0_fast.wav,Hey Jett,bf_alice,kokoro,positive,fast,0.78
kokoro_bf_alice_p0_slow.wav,Hey Jett,bf_alice,kokoro,positive,slow,0.99
kokoro_bf_alice_p0_pitch_up.wav,Hey Jett,bf_alice,kokoro,positive,pitch_up,0.82
kokoro_bf_alice_p0_pitch_down.wav,Hey Jett,bf_alice,kokoro,positive,pitch_down,0.91
kokoro_bf_alice_p1_normal.wav,Hey Jett.,bf_alice,kokoro,positive,normal,1.01
kokoro_bf_alice_p1_fast.wav,Hey Jett.,bf_alice,kokoro,positive,fast,0.90
kokoro_bf_alice_p1_slow.wav,Hey Jett.,bf_alice,kokoro,positive,slow,1.15
kokoro_bf_alice_p1_pitch_up.wav,Hey Jett.,bf_alice,kokoro,positive,pitch_up,0.97
kokoro_bf_alice_p1_pitch_down.wav,Hey Jett.,bf_alice,kokoro,positive,pitch_down,1.06
kokoro_bf_alice_p2_normal.wav,"Hey, Jett!",bf_alice,kokoro,positive,normal,1.00
kokoro_bf_alice_p2_fast.wav,"Hey, Jett!",bf_alice,kokoro,positive,fast,0.87
kokoro_bf_alice_p2_slow.wav,"Hey, Jett!",bf_alice,kokoro,positive,slow,1.16
kokoro_bf_alice_p2_pitch_up.wav,"Hey, Jett!",bf_alice,kokoro,positive,pitch_up,0.96
kokoro_bf_alice_p2_pitch_down.wav,"Hey, Jett!",bf_alice,kokoro,positive,pitch_down,1.05
kokoro_bf_alice_p3_normal.wav,Hey Jett?,bf_alice,kokoro,positive,normal,1.01
kokoro_bf_alice_p3_fast.wav,Hey Jett?,bf_alice,kokoro,positive,fast,0.87
kokoro_bf_alice_p3_slow.wav,Hey Jett?,bf_alice,kokoro,positive,slow,1.15
kokoro_bf_alice_p3_pitch_up.wav,Hey Jett?,bf_alice,kokoro,positive,pitch_up,0.96
kokoro_bf_alice_p3_pitch_down.wav,Hey Jett?,bf_alice,kokoro,positive,pitch_down,1.05
kokoro_bf_lily_p0_normal.wav,Hey Jett,bf_lily,kokoro,positive,normal,1.02
kokoro_bf_lily_p0_fast.wav,Hey Jett,bf_lily,kokoro,positive,fast,0.92
kokoro_bf_lily_p0_slow.wav,Hey Jett,bf_lily,kokoro,positive,slow,1.16
kokoro_bf_lily_p0_pitch_up.wav,Hey Jett,bf_lily,kokoro,positive,pitch_up,0.98
kokoro_bf_lily_p0_pitch_down.wav,Hey Jett,bf_lily,kokoro,positive,pitch_down,1.07
kokoro_bf_lily_p1_normal.wav,Hey Jett.,bf_lily,kokoro,positive,normal,1.12
kokoro_bf_lily_p1_fast.wav,Hey Jett.,bf_lily,kokoro,positive,fast,0.95
kokoro_bf_lily_p1_slow.wav,Hey Jett.,bf_lily,kokoro,positive,slow,1.35
kokoro_bf_lily_p1_pitch_up.wav,Hey Jett.,bf_lily,kokoro,positive,pitch_up,1.07
kokoro_bf_lily_p1_pitch_down.wav,Hey Jett.,bf_lily,kokoro,positive,pitch_down,1.17
kokoro_bf_lily_p2_normal.wav,"Hey, Jett!",bf_lily,kokoro,positive,normal,1.14
kokoro_bf_lily_p2_fast.wav,"Hey, Jett!",bf_lily,kokoro,positive,fast,0.96
kokoro_bf_lily_p2_slow.wav,"Hey, Jett!",bf_lily,kokoro,positive,slow,1.33
kokoro_bf_lily_p2_pitch_up.wav,"Hey, Jett!",bf_lily,kokoro,positive,pitch_up,1.09
kokoro_bf_lily_p2_pitch_down.wav,"Hey, Jett!",bf_lily,kokoro,positive,pitch_down,1.19
kokoro_bf_lily_p3_normal.wav,Hey Jett?,bf_lily,kokoro,positive,normal,1.11
kokoro_bf_lily_p3_fast.wav,Hey Jett?,bf_lily,kokoro,positive,fast,0.95
kokoro_bf_lily_p3_slow.wav,Hey Jett?,bf_lily,kokoro,positive,slow,1.29
kokoro_bf_lily_p3_pitch_up.wav,Hey Jett?,bf_lily,kokoro,positive,pitch_up,1.07
kokoro_bf_lily_p3_pitch_down.wav,Hey Jett?,bf_lily,kokoro,positive,pitch_down,1.16
kokoro_bm_fable_p0_normal.wav,Hey Jett,bm_fable,kokoro,positive,normal,0.95
kokoro_bm_fable_p0_fast.wav,Hey Jett,bm_fable,kokoro,positive,fast,0.82
kokoro_bm_fable_p0_slow.wav,Hey Jett,bm_fable,kokoro,positive,slow,1.09
kokoro_bm_fable_p0_pitch_up.wav,Hey Jett,bm_fable,kokoro,positive,pitch_up,0.90
kokoro_bm_fable_p0_pitch_down.wav,Hey Jett,bm_fable,kokoro,positive,pitch_down,1.00
kokoro_bm_fable_p1_normal.wav,Hey Jett.,bm_fable,kokoro,positive,normal,0.99
kokoro_bm_fable_p1_fast.wav,Hey Jett.,bm_fable,kokoro,positive,fast,0.89
kokoro_bm_fable_p1_slow.wav,Hey Jett.,bm_fable,kokoro,positive,slow,1.14
kokoro_bm_fable_p1_pitch_up.wav,Hey Jett.,bm_fable,kokoro,positive,pitch_up,0.95
kokoro_bm_fable_p1_pitch_down.wav,Hey Jett.,bm_fable,kokoro,positive,pitch_down,1.04
kokoro_bm_fable_p2_normal.wav,"Hey, Jett!",bm_fable,kokoro,positive,normal,1.09
kokoro_bm_fable_p2_fast.wav,"Hey, Jett!",bm_fable,kokoro,positive,fast,0.97
kokoro_bm_fable_p2_slow.wav,"Hey, Jett!",bm_fable,kokoro,positive,slow,1.26
kokoro_bm_fable_p2_pitch_up.wav,"Hey, Jett!",bm_fable,kokoro,positive,pitch_up,1.04
kokoro_bm_fable_p2_pitch_down.wav,"Hey, Jett!",bm_fable,kokoro,positive,pitch_down,1.13
kokoro_bm_fable_p3_normal.wav,Hey Jett?,bm_fable,kokoro,positive,normal,1.00
kokoro_bm_fable_p3_fast.wav,Hey Jett?,bm_fable,kokoro,positive,fast,0.89
kokoro_bm_fable_p3_slow.wav,Hey Jett?,bm_fable,kokoro,positive,slow,1.14
kokoro_bm_fable_p3_pitch_up.wav,Hey Jett?,bm_fable,kokoro,positive,pitch_up,0.95
kokoro_bm_fable_p3_pitch_down.wav,Hey Jett?,bm_fable,kokoro,positive,pitch_down,1.04
kokoro_bm_george_p0_normal.wav,Hey Jett,bm_george,kokoro,positive,normal,0.93
kokoro_bm_george_p0_fast.wav,Hey Jett,bm_george,kokoro,positive,fast,0.83
kokoro_bm_george_p0_slow.wav,Hey Jett,bm_george,kokoro,positive,slow,1.05
kokoro_bm_george_p0_pitch_up.wav,Hey Jett,bm_george,kokoro,positive,pitch_up,0.89
kokoro_bm_george_p0_pitch_down.wav,Hey Jett,bm_george,kokoro,positive,pitch_down,0.97
kokoro_bm_george_p1_normal.wav,Hey Jett.,bm_george,kokoro,positive,normal,0.93
kokoro_bm_george_p1_fast.wav,Hey Jett.,bm_george,kokoro,positive,fast,0.81
kokoro_bm_george_p1_slow.wav,Hey Jett.,bm_george,kokoro,positive,slow,1.07
kokoro_bm_george_p1_pitch_up.wav,Hey Jett.,bm_george,kokoro,positive,pitch_up,0.89
kokoro_bm_george_p1_pitch_down.wav,Hey Jett.,bm_george,kokoro,positive,pitch_down,0.97
kokoro_bm_george_p2_normal.wav,"Hey, Jett!",bm_george,kokoro,positive,normal,1.00
kokoro_bm_george_p2_fast.wav,"Hey, Jett!",bm_george,kokoro,positive,fast,0.89
kokoro_bm_george_p2_slow.wav,"Hey, Jett!",bm_george,kokoro,positive,slow,1.14
kokoro_bm_george_p2_pitch_up.wav,"Hey, Jett!",bm_george,kokoro,positive,pitch_up,0.95
kokoro_bm_george_p2_pitch_down.wav,"Hey, Jett!",bm_george,kokoro,positive,pitch_down,1.05
kokoro_bm_george_p3_normal.wav,Hey Jett?,bm_george,kokoro,positive,normal,0.94
kokoro_bm_george_p3_fast.wav,Hey Jett?,bm_george,kokoro,positive,fast,0.84
kokoro_bm_george_p3_slow.wav,Hey Jett?,bm_george,kokoro,positive,slow,1.05
kokoro_bm_george_p3_pitch_up.wav,Hey Jett?,bm_george,kokoro,positive,pitch_up,0.90
kokoro_bm_george_p3_pitch_down.wav,Hey Jett?,bm_george,kokoro,positive,pitch_down,0.99
kokoro_bm_lewis_p0_normal.wav,Hey Jett,bm_lewis,kokoro,positive,normal,0.75
kokoro_bm_lewis_p0_fast.wav,Hey Jett,bm_lewis,kokoro,positive,fast,0.70
kokoro_bm_lewis_p0_slow.wav,Hey Jett,bm_lewis,kokoro,positive,slow,0.94
kokoro_bm_lewis_p0_pitch_up.wav,Hey Jett,bm_lewis,kokoro,positive,pitch_up,0.72
kokoro_bm_lewis_p0_pitch_down.wav,Hey Jett,bm_lewis,kokoro,positive,pitch_down,0.79
kokoro_bm_lewis_p1_normal.wav,Hey Jett.,bm_lewis,kokoro,positive,normal,0.80
kokoro_bm_lewis_p1_fast.wav,Hey Jett.,bm_lewis,kokoro,positive,fast,0.69
kokoro_bm_lewis_p1_slow.wav,Hey Jett.,bm_lewis,kokoro,positive,slow,0.94
kokoro_bm_lewis_p1_pitch_up.wav,Hey Jett.,bm_lewis,kokoro,positive,pitch_up,0.76
kokoro_bm_lewis_p1_pitch_down.wav,Hey Jett.,bm_lewis,kokoro,positive,pitch_down,0.83
kokoro_bm_lewis_p2_normal.wav,"Hey, Jett!",bm_lewis,kokoro,positive,normal,0.85
kokoro_bm_lewis_p2_fast.wav,"Hey, Jett!",bm_lewis,kokoro,positive,fast,0.72
kokoro_bm_lewis_p2_slow.wav,"Hey, Jett!",bm_lewis,kokoro,positive,slow,0.98
kokoro_bm_lewis_p2_pitch_up.wav,"Hey, Jett!",bm_lewis,kokoro,positive,pitch_up,0.81
kokoro_bm_lewis_p2_pitch_down.wav,"Hey, Jett!",bm_lewis,kokoro,positive,pitch_down,0.89
kokoro_bm_lewis_p3_normal.wav,Hey Jett?,bm_lewis,kokoro,positive,normal,0.82
kokoro_bm_lewis_p3_fast.wav,Hey Jett?,bm_lewis,kokoro,positive,fast,0.68
kokoro_bm_lewis_p3_slow.wav,Hey Jett?,bm_lewis,kokoro,positive,slow,0.89
kokoro_bm_lewis_p3_pitch_up.wav,Hey Jett?,bm_lewis,kokoro,positive,pitch_up,0.78
kokoro_bm_lewis_p3_pitch_down.wav,Hey Jett?,bm_lewis,kokoro,positive,pitch_down,0.85
kokoro_bm_daniel_p0_normal.wav,Hey Jett,bm_daniel,kokoro,positive,normal,0.82
kokoro_bm_daniel_p0_fast.wav,Hey Jett,bm_daniel,kokoro,positive,fast,0.75
kokoro_bm_daniel_p0_slow.wav,Hey Jett,bm_daniel,kokoro,positive,slow,0.95
kokoro_bm_daniel_p0_pitch_up.wav,Hey Jett,bm_daniel,kokoro,positive,pitch_up,0.78
kokoro_bm_daniel_p0_pitch_down.wav,Hey Jett,bm_daniel,kokoro,positive,pitch_down,0.86
kokoro_bm_daniel_p1_normal.wav,Hey Jett.,bm_daniel,kokoro,positive,normal,1.00
kokoro_bm_daniel_p1_fast.wav,Hey Jett.,bm_daniel,kokoro,positive,fast,0.83
kokoro_bm_daniel_p1_slow.wav,Hey Jett.,bm_daniel,kokoro,positive,slow,1.10
kokoro_bm_daniel_p1_pitch_up.wav,Hey Jett.,bm_daniel,kokoro,positive,pitch_up,0.96
kokoro_bm_daniel_p1_pitch_down.wav,Hey Jett.,bm_daniel,kokoro,positive,pitch_down,1.05
kokoro_bm_daniel_p2_normal.wav,"Hey, Jett!",bm_daniel,kokoro,positive,normal,0.99
kokoro_bm_daniel_p2_fast.wav,"Hey, Jett!",bm_daniel,kokoro,positive,fast,0.86
kokoro_bm_daniel_p2_slow.wav,"Hey, Jett!",bm_daniel,kokoro,positive,slow,1.13
kokoro_bm_daniel_p2_pitch_up.wav,"Hey, Jett!",bm_daniel,kokoro,positive,pitch_up,0.94
kokoro_bm_daniel_p2_pitch_down.wav,"Hey, Jett!",bm_daniel,kokoro,positive,pitch_down,1.03
kokoro_bm_daniel_p3_normal.wav,Hey Jett?,bm_daniel,kokoro,positive,normal,0.98
kokoro_bm_daniel_p3_fast.wav,Hey Jett?,bm_daniel,kokoro,positive,fast,0.86
kokoro_bm_daniel_p3_slow.wav,Hey Jett?,bm_daniel,kokoro,positive,slow,1.10
kokoro_bm_daniel_p3_pitch_up.wav,Hey Jett?,bm_daniel,kokoro,positive,pitch_up,0.93
kokoro_bm_daniel_p3_pitch_down.wav,Hey Jett?,bm_daniel,kokoro,positive,pitch_down,1.02
kokoro_af_heart_p0_normal.wav,Hey Jeff,af_heart,kokoro,negative,normal,0.65
kokoro_af_heart_p1_normal.wav,Hey Jet,af_heart,kokoro,negative,normal,0.67
kokoro_af_heart_p2_normal.wav,Hey yet,af_heart,kokoro,negative,normal,0.65
kokoro_af_heart_p3_normal.wav,Hey Jed,af_heart,kokoro,negative,normal,0.64
kokoro_af_heart_p4_normal.wav,Hey Jack,af_heart,kokoro,negative,normal,0.68
kokoro_af_heart_p5_normal.wav,Hey there,af_heart,kokoro,negative,normal,0.61
kokoro_af_heart_p6_normal.wav,Hey check,af_heart,kokoro,negative,normal,0.63
kokoro_af_heart_p7_normal.wav,Get set,af_heart,kokoro,negative,normal,0.66
kokoro_af_heart_p8_normal.wav,Hey pet,af_heart,kokoro,negative,normal,0.65
kokoro_af_heart_p9_normal.wav,Jett,af_heart,kokoro,negative,normal,0.46
kokoro_af_heart_p10_normal.wav,Get it,af_heart,kokoro,negative,normal,0.58
kokoro_af_heart_p11_normal.wav,Forget,af_heart,kokoro,negative,normal,0.64
kokoro_af_heart_p12_normal.wav,Hey Brett,af_heart,kokoro,negative,normal,0.68
kokoro_af_heart_p13_normal.wav,Hey Bett,af_heart,kokoro,negative,normal,0.67
kokoro_af_heart_p14_normal.wav,Let's get,af_heart,kokoro,negative,normal,0.73
kokoro_af_bella_p0_normal.wav,Hey Jeff,af_bella,kokoro,negative,normal,0.59
kokoro_af_bella_p1_normal.wav,Hey Jet,af_bella,kokoro,negative,normal,0.62
kokoro_af_bella_p2_normal.wav,Hey yet,af_bella,kokoro,negative,normal,0.60
kokoro_af_bella_p3_normal.wav,Hey Jed,af_bella,kokoro,negative,normal,0.60
kokoro_af_bella_p4_normal.wav,Hey Jack,af_bella,kokoro,negative,normal,0.65
kokoro_af_bella_p5_normal.wav,Hey there,af_bella,kokoro,negative,normal,0.58
kokoro_af_bella_p6_normal.wav,Hey check,af_bella,kokoro,negative,normal,0.59
kokoro_af_bella_p7_normal.wav,Get set,af_bella,kokoro,negative,normal,0.61
kokoro_af_bella_p8_normal.wav,Hey pet,af_bella,kokoro,negative,normal,0.61
kokoro_af_bella_p9_normal.wav,Jett,af_bella,kokoro,negative,normal,0.42
kokoro_af_bella_p10_normal.wav,Get it,af_bella,kokoro,negative,normal,0.53
kokoro_af_bella_p11_normal.wav,Forget,af_bella,kokoro,negative,normal,0.57
kokoro_af_bella_p12_normal.wav,Hey Brett,af_bella,kokoro,negative,normal,0.64
kokoro_af_bella_p13_normal.wav,Hey Bett,af_bella,kokoro,negative,normal,0.62
kokoro_af_bella_p14_normal.wav,Let's get,af_bella,kokoro,negative,normal,0.68
kokoro_af_nicole_p0_normal.wav,Hey Jeff,af_nicole,kokoro,negative,normal,0.86
kokoro_af_nicole_p1_normal.wav,Hey Jet,af_nicole,kokoro,negative,normal,0.82
kokoro_af_nicole_p2_normal.wav,Hey yet,af_nicole,kokoro,negative,normal,0.79
kokoro_af_nicole_p3_normal.wav,Hey Jed,af_nicole,kokoro,negative,normal,0.83
kokoro_af_nicole_p4_normal.wav,Hey Jack,af_nicole,kokoro,negative,normal,0.84
kokoro_af_nicole_p5_normal.wav,Hey there,af_nicole,kokoro,negative,normal,0.77
kokoro_af_nicole_p6_normal.wav,Hey check,af_nicole,kokoro,negative,normal,0.84
kokoro_af_nicole_p7_normal.wav,Get set,af_nicole,kokoro,negative,normal,0.77
kokoro_af_nicole_p8_normal.wav,Hey pet,af_nicole,kokoro,negative,normal,0.81
kokoro_af_nicole_p9_normal.wav,Jett,af_nicole,kokoro,negative,normal,0.53
kokoro_af_nicole_p10_normal.wav,Get it,af_nicole,kokoro,negative,normal,0.68
kokoro_af_nicole_p11_normal.wav,Forget,af_nicole,kokoro,negative,normal,0.72
kokoro_af_nicole_p12_normal.wav,Hey Brett,af_nicole,kokoro,negative,normal,0.80
kokoro_af_nicole_p13_normal.wav,Hey Bett,af_nicole,kokoro,negative,normal,0.75
kokoro_af_nicole_p14_normal.wav,Let's get,af_nicole,kokoro,negative,normal,0.84
kokoro_af_aoede_p0_normal.wav,Hey Jeff,af_aoede,kokoro,negative,normal,0.53
kokoro_af_aoede_p1_normal.wav,Hey Jet,af_aoede,kokoro,negative,normal,0.62
kokoro_af_aoede_p2_normal.wav,Hey yet,af_aoede,kokoro,negative,normal,0.55
kokoro_af_aoede_p3_normal.wav,Hey Jed,af_aoede,kokoro,negative,normal,0.63
kokoro_af_aoede_p4_normal.wav,Hey Jack,af_aoede,kokoro,negative,normal,0.57
kokoro_af_aoede_p5_normal.wav,Hey there,af_aoede,kokoro,negative,normal,0.62
kokoro_af_aoede_p6_normal.wav,Hey check,af_aoede,kokoro,negative,normal,0.53
kokoro_af_aoede_p7_normal.wav,Get set,af_aoede,kokoro,negative,normal,0.55
kokoro_af_aoede_p8_normal.wav,Hey pet,af_aoede,kokoro,negative,normal,0.49
kokoro_af_aoede_p9_normal.wav,Jett,af_aoede,kokoro,negative,normal,0.34
kokoro_af_aoede_p10_normal.wav,Get it,af_aoede,kokoro,negative,normal,0.51
kokoro_af_aoede_p11_normal.wav,Forget,af_aoede,kokoro,negative,normal,0.56
kokoro_af_aoede_p12_normal.wav,Hey Brett,af_aoede,kokoro,negative,normal,0.64
kokoro_af_aoede_p13_normal.wav,Hey Bett,af_aoede,kokoro,negative,normal,0.55
kokoro_af_aoede_p14_normal.wav,Let's get,af_aoede,kokoro,negative,normal,0.70
kokoro_af_kore_p0_normal.wav,Hey Jeff,af_kore,kokoro,negative,normal,0.59
kokoro_af_kore_p1_normal.wav,Hey Jet,af_kore,kokoro,negative,normal,0.64
kokoro_af_kore_p2_normal.wav,Hey yet,af_kore,kokoro,negative,normal,0.60
kokoro_af_kore_p3_normal.wav,Hey Jed,af_kore,kokoro,negative,normal,0.63
kokoro_af_kore_p4_normal.wav,Hey Jack,af_kore,kokoro,negative,normal,0.64
kokoro_af_kore_p5_normal.wav,Hey there,af_kore,kokoro,negative,normal,0.59
kokoro_af_kore_p6_normal.wav,Hey check,af_kore,kokoro,negative,normal,0.62
kokoro_af_kore_p7_normal.wav,Get set,af_kore,kokoro,negative,normal,0.62
kokoro_af_kore_p8_normal.wav,Hey pet,af_kore,kokoro,negative,normal,0.60
kokoro_af_kore_p9_normal.wav,Jett,af_kore,kokoro,negative,normal,0.47
kokoro_af_kore_p10_normal.wav,Get it,af_kore,kokoro,negative,normal,0.57
kokoro_af_kore_p11_normal.wav,Forget,af_kore,kokoro,negative,normal,0.58
kokoro_af_kore_p12_normal.wav,Hey Brett,af_kore,kokoro,negative,normal,0.67
kokoro_af_kore_p13_normal.wav,Hey Bett,af_kore,kokoro,negative,normal,0.58
kokoro_af_kore_p14_normal.wav,Let's get,af_kore,kokoro,negative,normal,0.67
kokoro_af_sarah_p0_normal.wav,Hey Jeff,af_sarah,kokoro,negative,normal,0.67
kokoro_af_sarah_p1_normal.wav,Hey Jet,af_sarah,kokoro,negative,normal,0.66
kokoro_af_sarah_p2_normal.wav,Hey yet,af_sarah,kokoro,negative,normal,0.66
kokoro_af_sarah_p3_normal.wav,Hey Jed,af_sarah,kokoro,negative,normal,0.71
kokoro_af_sarah_p4_normal.wav,Hey Jack,af_sarah,kokoro,negative,normal,0.67
kokoro_af_sarah_p5_normal.wav,Hey there,af_sarah,kokoro,negative,normal,0.70
kokoro_af_sarah_p6_normal.wav,Hey check,af_sarah,kokoro,negative,normal,0.64
kokoro_af_sarah_p7_normal.wav,Get set,af_sarah,kokoro,negative,normal,0.76
kokoro_af_sarah_p8_normal.wav,Hey pet,af_sarah,kokoro,negative,normal,0.65
kokoro_af_sarah_p9_normal.wav,Jett,af_sarah,kokoro,negative,normal,0.49
kokoro_af_sarah_p10_normal.wav,Get it,af_sarah,kokoro,negative,normal,0.67
kokoro_af_sarah_p11_normal.wav,Forget,af_sarah,kokoro,negative,normal,0.67
kokoro_af_sarah_p12_normal.wav,Hey Brett,af_sarah,kokoro,negative,normal,0.72
kokoro_af_sarah_p13_normal.wav,Hey Bett,af_sarah,kokoro,negative,normal,0.65
kokoro_af_sarah_p14_normal.wav,Let's get,af_sarah,kokoro,negative,normal,0.77
kokoro_af_alloy_p0_normal.wav,Hey Jeff,af_alloy,kokoro,negative,normal,0.76
kokoro_af_alloy_p1_normal.wav,Hey Jet,af_alloy,kokoro,negative,normal,0.74
kokoro_af_alloy_p2_normal.wav,Hey yet,af_alloy,kokoro,negative,normal,0.99
kokoro_af_alloy_p3_normal.wav,Hey Jed,af_alloy,kokoro,negative,normal,0.96
kokoro_af_alloy_p4_normal.wav,Hey Jack,af_alloy,kokoro,negative,normal,0.88
kokoro_af_alloy_p5_normal.wav,Hey there,af_alloy,kokoro,negative,normal,0.82
kokoro_af_alloy_p6_normal.wav,Hey check,af_alloy,kokoro,negative,normal,0.83
kokoro_af_alloy_p7_normal.wav,Get set,af_alloy,kokoro,negative,normal,0.72
kokoro_af_alloy_p8_normal.wav,Hey pet,af_alloy,kokoro,negative,normal,0.89
kokoro_af_alloy_p9_normal.wav,Jett,af_alloy,kokoro,negative,normal,0.67
kokoro_af_alloy_p10_normal.wav,Get it,af_alloy,kokoro,negative,normal,0.73
kokoro_af_alloy_p11_normal.wav,Forget,af_alloy,kokoro,negative,normal,0.67
kokoro_af_alloy_p12_normal.wav,Hey Brett,af_alloy,kokoro,negative,normal,1.03
kokoro_af_alloy_p13_normal.wav,Hey Bett,af_alloy,kokoro,negative,normal,0.94
kokoro_af_alloy_p14_normal.wav,Let's get,af_alloy,kokoro,negative,normal,0.91
kokoro_af_nova_p0_normal.wav,Hey Jeff,af_nova,kokoro,negative,normal,0.72
kokoro_af_nova_p1_normal.wav,Hey Jet,af_nova,kokoro,negative,normal,0.68
kokoro_af_nova_p2_normal.wav,Hey yet,af_nova,kokoro,negative,normal,0.78
kokoro_af_nova_p3_normal.wav,Hey Jed,af_nova,kokoro,negative,normal,0.81
kokoro_af_nova_p4_normal.wav,Hey Jack,af_nova,kokoro,negative,normal,0.82
kokoro_af_nova_p5_normal.wav,Hey there,af_nova,kokoro,negative,normal,0.72
kokoro_af_nova_p6_normal.wav,Hey check,af_nova,kokoro,negative,normal,0.77
kokoro_af_nova_p7_normal.wav,Get set,af_nova,kokoro,negative,normal,0.70
kokoro_af_nova_p8_normal.wav,Hey pet,af_nova,kokoro,negative,normal,0.64
kokoro_af_nova_p9_normal.wav,Jett,af_nova,kokoro,negative,normal,0.53
kokoro_af_nova_p10_normal.wav,Get it,af_nova,kokoro,negative,normal,0.61
kokoro_af_nova_p11_normal.wav,Forget,af_nova,kokoro,negative,normal,0.62
kokoro_af_nova_p12_normal.wav,Hey Brett,af_nova,kokoro,negative,normal,0.77
kokoro_af_nova_p13_normal.wav,Hey Bett,af_nova,kokoro,negative,normal,0.72
kokoro_af_nova_p14_normal.wav,Let's get,af_nova,kokoro,negative,normal,0.82
edge_en_US_GuyNeural_p0_normal.wav,Hey Jett,en-US-GuyNeural,edge-tts,positive,normal,0.73
edge_en_US_GuyNeural_p0_fast.wav,Hey Jett,en-US-GuyNeural,edge-tts,positive,fast,0.66
edge_en_US_GuyNeural_p0_slow.wav,Hey Jett,en-US-GuyNeural,edge-tts,positive,slow,0.81
edge_en_US_GuyNeural_p1_normal.wav,Hey Jett.,en-US-GuyNeural,edge-tts,positive,normal,0.73
edge_en_US_GuyNeural_p1_fast.wav,Hey Jett.,en-US-GuyNeural,edge-tts,positive,fast,0.66
edge_en_US_GuyNeural_p1_slow.wav,Hey Jett.,en-US-GuyNeural,edge-tts,positive,slow,0.81
edge_en_US_GuyNeural_p2_normal.wav,"Hey, Jett!",en-US-GuyNeural,edge-tts,positive,normal,1.03
edge_en_US_GuyNeural_p2_fast.wav,"Hey, Jett!",en-US-GuyNeural,edge-tts,positive,fast,0.92
edge_en_US_GuyNeural_p2_slow.wav,"Hey, Jett!",en-US-GuyNeural,edge-tts,positive,slow,1.17
edge_en_US_GuyNeural_p3_normal.wav,Hey Jett?,en-US-GuyNeural,edge-tts,positive,normal,0.70
edge_en_US_GuyNeural_p3_fast.wav,Hey Jett?,en-US-GuyNeural,edge-tts,positive,fast,0.62
edge_en_US_GuyNeural_p3_slow.wav,Hey Jett?,en-US-GuyNeural,edge-tts,positive,slow,0.78
edge_en_US_JennyNeural_p0_normal.wav,Hey Jett,en-US-JennyNeural,edge-tts,positive,normal,0.72
edge_en_US_JennyNeural_p0_fast.wav,Hey Jett,en-US-JennyNeural,edge-tts,positive,fast,0.65
edge_en_US_JennyNeural_p0_slow.wav,Hey Jett,en-US-JennyNeural,edge-tts,positive,slow,0.82
edge_en_US_JennyNeural_p1_normal.wav,Hey Jett.,en-US-JennyNeural,edge-tts,positive,normal,0.72
edge_en_US_JennyNeural_p1_fast.wav,Hey Jett.,en-US-JennyNeural,edge-tts,positive,fast,0.65
edge_en_US_JennyNeural_p1_slow.wav,Hey Jett.,en-US-JennyNeural,edge-tts,positive,slow,0.82
edge_en_US_JennyNeural_p2_normal.wav,"Hey, Jett!",en-US-JennyNeural,edge-tts,positive,normal,1.01
edge_en_US_JennyNeural_p2_fast.wav,"Hey, Jett!",en-US-JennyNeural,edge-tts,positive,fast,0.91
edge_en_US_JennyNeural_p2_slow.wav,"Hey, Jett!",en-US-JennyNeural,edge-tts,positive,slow,1.14
edge_en_US_JennyNeural_p3_normal.wav,Hey Jett?,en-US-JennyNeural,edge-tts,positive,normal,0.72
edge_en_US_JennyNeural_p3_fast.wav,Hey Jett?,en-US-JennyNeural,edge-tts,positive,fast,0.65
edge_en_US_JennyNeural_p3_slow.wav,Hey Jett?,en-US-JennyNeural,edge-tts,positive,slow,0.81
edge_en_US_AriaNeural_p0_normal.wav,Hey Jett,en-US-AriaNeural,edge-tts,positive,normal,0.73
edge_en_US_AriaNeural_p0_fast.wav,Hey Jett,en-US-AriaNeural,edge-tts,positive,fast,0.67
edge_en_US_AriaNeural_p0_slow.wav,Hey Jett,en-US-AriaNeural,edge-tts,positive,slow,0.80
edge_en_US_AriaNeural_p1_normal.wav,Hey Jett.,en-US-AriaNeural,edge-tts,positive,normal,0.73
edge_en_US_AriaNeural_p1_fast.wav,Hey Jett.,en-US-AriaNeural,edge-tts,positive,fast,0.67
edge_en_US_AriaNeural_p1_slow.wav,Hey Jett.,en-US-AriaNeural,edge-tts,positive,slow,0.80
edge_en_US_AriaNeural_p2_normal.wav,"Hey, Jett!",en-US-AriaNeural,edge-tts,positive,normal,1.00
edge_en_US_AriaNeural_p2_fast.wav,"Hey, Jett!",en-US-AriaNeural,edge-tts,positive,fast,0.89
edge_en_US_AriaNeural_p2_slow.wav,"Hey, Jett!",en-US-AriaNeural,edge-tts,positive,slow,1.11
edge_en_US_AriaNeural_p3_normal.wav,Hey Jett?,en-US-AriaNeural,edge-tts,positive,normal,0.70
edge_en_US_AriaNeural_p3_fast.wav,Hey Jett?,en-US-AriaNeural,edge-tts,positive,fast,0.63
edge_en_US_AriaNeural_p3_slow.wav,Hey Jett?,en-US-AriaNeural,edge-tts,positive,slow,0.78
edge_en_GB_SoniaNeural_p0_normal.wav,Hey Jett,en-GB-SoniaNeural,edge-tts,positive,normal,0.77
edge_en_GB_SoniaNeural_p0_fast.wav,Hey Jett,en-GB-SoniaNeural,edge-tts,positive,fast,0.69
edge_en_GB_SoniaNeural_p0_slow.wav,Hey Jett,en-GB-SoniaNeural,edge-tts,positive,slow,0.86
edge_en_GB_SoniaNeural_p1_normal.wav,Hey Jett.,en-GB-SoniaNeural,edge-tts,positive,normal,0.77
edge_en_GB_SoniaNeural_p1_fast.wav,Hey Jett.,en-GB-SoniaNeural,edge-tts,positive,fast,0.69
edge_en_GB_SoniaNeural_p1_slow.wav,Hey Jett.,en-GB-SoniaNeural,edge-tts,positive,slow,0.86
edge_en_GB_SoniaNeural_p2_normal.wav,"Hey, Jett!",en-GB-SoniaNeural,edge-tts,positive,normal,1.07
edge_en_GB_SoniaNeural_p2_fast.wav,"Hey, Jett!",en-GB-SoniaNeural,edge-tts,positive,fast,0.97
edge_en_GB_SoniaNeural_p2_slow.wav,"Hey, Jett!",en-GB-SoniaNeural,edge-tts,positive,slow,1.22
edge_en_GB_SoniaNeural_p3_normal.wav,Hey Jett?,en-GB-SoniaNeural,edge-tts,positive,normal,0.75
edge_en_GB_SoniaNeural_p3_fast.wav,Hey Jett?,en-GB-SoniaNeural,edge-tts,positive,fast,0.67
edge_en_GB_SoniaNeural_p3_slow.wav,Hey Jett?,en-GB-SoniaNeural,edge-tts,positive,slow,0.85
edge_en_GB_RyanNeural_p0_normal.wav,Hey Jett,en-GB-RyanNeural,edge-tts,positive,normal,0.69
edge_en_GB_RyanNeural_p0_fast.wav,Hey Jett,en-GB-RyanNeural,edge-tts,positive,fast,0.62
edge_en_GB_RyanNeural_p0_slow.wav,Hey Jett,en-GB-RyanNeural,edge-tts,positive,slow,0.77
edge_en_GB_RyanNeural_p1_normal.wav,Hey Jett.,en-GB-RyanNeural,edge-tts,positive,normal,0.69
edge_en_GB_RyanNeural_p1_fast.wav,Hey Jett.,en-GB-RyanNeural,edge-tts,positive,fast,0.62
edge_en_GB_RyanNeural_p1_slow.wav,Hey Jett.,en-GB-RyanNeural,edge-tts,positive,slow,0.77
edge_en_GB_RyanNeural_p2_normal.wav,"Hey, Jett!",en-GB-RyanNeural,edge-tts,positive,normal,1.10
edge_en_GB_RyanNeural_p2_fast.wav,"Hey, Jett!",en-GB-RyanNeural,edge-tts,positive,fast,0.99
edge_en_GB_RyanNeural_p2_slow.wav,"Hey, Jett!",en-GB-RyanNeural,edge-tts,positive,slow,1.25
edge_en_GB_RyanNeural_p3_normal.wav,Hey Jett?,en-GB-RyanNeural,edge-tts,positive,normal,0.67
edge_en_GB_RyanNeural_p3_fast.wav,Hey Jett?,en-GB-RyanNeural,edge-tts,positive,fast,0.60
edge_en_GB_RyanNeural_p3_slow.wav,Hey Jett?,en-GB-RyanNeural,edge-tts,positive,slow,0.76
edge_en_AU_NatashaNeural_p0_normal.wav,Hey Jett,en-AU-NatashaNeural,edge-tts,positive,normal,0.64
edge_en_AU_NatashaNeural_p0_fast.wav,Hey Jett,en-AU-NatashaNeural,edge-tts,positive,fast,0.58
edge_en_AU_NatashaNeural_p0_slow.wav,Hey Jett,en-AU-NatashaNeural,edge-tts,positive,slow,0.70
edge_en_AU_NatashaNeural_p1_normal.wav,Hey Jett.,en-AU-NatashaNeural,edge-tts,positive,normal,0.64
edge_en_AU_NatashaNeural_p1_fast.wav,Hey Jett.,en-AU-NatashaNeural,edge-tts,positive,fast,0.58
edge_en_AU_NatashaNeural_p1_slow.wav,Hey Jett.,en-AU-NatashaNeural,edge-tts,positive,slow,0.70
edge_en_AU_NatashaNeural_p2_normal.wav,"Hey, Jett!",en-AU-NatashaNeural,edge-tts,positive,normal,0.79
edge_en_AU_NatashaNeural_p2_fast.wav,"Hey, Jett!",en-AU-NatashaNeural,edge-tts,positive,fast,0.71
edge_en_AU_NatashaNeural_p2_slow.wav,"Hey, Jett!",en-AU-NatashaNeural,edge-tts,positive,slow,0.88
edge_en_AU_NatashaNeural_p3_normal.wav,Hey Jett?,en-AU-NatashaNeural,edge-tts,positive,normal,0.62
edge_en_AU_NatashaNeural_p3_fast.wav,Hey Jett?,en-AU-NatashaNeural,edge-tts,positive,fast,0.56
edge_en_AU_NatashaNeural_p3_slow.wav,Hey Jett?,en-AU-NatashaNeural,edge-tts,positive,slow,0.69
edge_en_AU_WilliamNeural_p0_normal.wav,Hey Jett,en-AU-WilliamNeural,edge-tts,positive,normal,0.69
edge_en_AU_WilliamNeural_p0_fast.wav,Hey Jett,en-AU-WilliamNeural,edge-tts,positive,fast,0.63
edge_en_AU_WilliamNeural_p0_slow.wav,Hey Jett,en-AU-WilliamNeural,edge-tts,positive,slow,0.79
edge_en_AU_WilliamNeural_p1_normal.wav,Hey Jett.,en-AU-WilliamNeural,edge-tts,positive,normal,0.70
edge_en_AU_WilliamNeural_p1_fast.wav,Hey Jett.,en-AU-WilliamNeural,edge-tts,positive,fast,0.63
edge_en_AU_WilliamNeural_p1_slow.wav,Hey Jett.,en-AU-WilliamNeural,edge-tts,positive,slow,0.79
edge_en_AU_WilliamNeural_p2_normal.wav,"Hey, Jett!",en-AU-WilliamNeural,edge-tts,positive,normal,1.07
edge_en_AU_WilliamNeural_p2_fast.wav,"Hey, Jett!",en-AU-WilliamNeural,edge-tts,positive,fast,0.97
edge_en_AU_WilliamNeural_p2_slow.wav,"Hey, Jett!",en-AU-WilliamNeural,edge-tts,positive,slow,1.21
edge_en_AU_WilliamNeural_p3_normal.wav,Hey Jett?,en-AU-WilliamNeural,edge-tts,positive,normal,0.64
edge_en_AU_WilliamNeural_p3_fast.wav,Hey Jett?,en-AU-WilliamNeural,edge-tts,positive,fast,0.59
edge_en_AU_WilliamNeural_p3_slow.wav,Hey Jett?,en-AU-WilliamNeural,edge-tts,positive,slow,0.72
edge_en_IN_NeerjaNeural_p0_normal.wav,Hey Jett,en-IN-NeerjaNeural,edge-tts,positive,normal,0.71
edge_en_IN_NeerjaNeural_p0_fast.wav,Hey Jett,en-IN-NeerjaNeural,edge-tts,positive,fast,0.64
edge_en_IN_NeerjaNeural_p0_slow.wav,Hey Jett,en-IN-NeerjaNeural,edge-tts,positive,slow,0.80
edge_en_IN_NeerjaNeural_p1_normal.wav,Hey Jett.,en-IN-NeerjaNeural,edge-tts,positive,normal,0.71
edge_en_IN_NeerjaNeural_p1_fast.wav,Hey Jett.,en-IN-NeerjaNeural,edge-tts,positive,fast,0.64
edge_en_IN_NeerjaNeural_p1_slow.wav,Hey Jett.,en-IN-NeerjaNeural,edge-tts,positive,slow,0.80
edge_en_IN_NeerjaNeural_p2_normal.wav,"Hey, Jett!",en-IN-NeerjaNeural,edge-tts,positive,normal,1.03
edge_en_IN_NeerjaNeural_p2_fast.wav,"Hey, Jett!",en-IN-NeerjaNeural,edge-tts,positive,fast,0.93
edge_en_IN_NeerjaNeural_p2_slow.wav,"Hey, Jett!",en-IN-NeerjaNeural,edge-tts,positive,slow,1.16
edge_en_IN_NeerjaNeural_p3_normal.wav,Hey Jett?,en-IN-NeerjaNeural,edge-tts,positive,normal,0.63
edge_en_IN_NeerjaNeural_p3_fast.wav,Hey Jett?,en-IN-NeerjaNeural,edge-tts,positive,fast,0.58
edge_en_IN_NeerjaNeural_p3_slow.wav,Hey Jett?,en-IN-NeerjaNeural,edge-tts,positive,slow,0.71
edge_en_IN_PrabhatNeural_p0_normal.wav,Hey Jett,en-IN-PrabhatNeural,edge-tts,positive,normal,0.68
edge_en_IN_PrabhatNeural_p0_fast.wav,Hey Jett,en-IN-PrabhatNeural,edge-tts,positive,fast,0.63
edge_en_IN_PrabhatNeural_p0_slow.wav,Hey Jett,en-IN-PrabhatNeural,edge-tts,positive,slow,0.76
edge_en_IN_PrabhatNeural_p1_normal.wav,Hey Jett.,en-IN-PrabhatNeural,edge-tts,positive,normal,0.68
edge_en_IN_PrabhatNeural_p1_fast.wav,Hey Jett.,en-IN-PrabhatNeural,edge-tts,positive,fast,0.63
edge_en_IN_PrabhatNeural_p1_slow.wav,Hey Jett.,en-IN-PrabhatNeural,edge-tts,positive,slow,0.76
edge_en_IN_PrabhatNeural_p2_normal.wav,"Hey, Jett!",en-IN-PrabhatNeural,edge-tts,positive,normal,0.87
edge_en_IN_PrabhatNeural_p2_fast.wav,"Hey, Jett!",en-IN-PrabhatNeural,edge-tts,positive,fast,0.78
edge_en_IN_PrabhatNeural_p2_slow.wav,"Hey, Jett!",en-IN-PrabhatNeural,edge-tts,positive,slow,0.97
edge_en_IN_PrabhatNeural_p3_normal.wav,Hey Jett?,en-IN-PrabhatNeural,edge-tts,positive,normal,0.67
edge_en_IN_PrabhatNeural_p3_fast.wav,Hey Jett?,en-IN-PrabhatNeural,edge-tts,positive,fast,0.60
edge_en_IN_PrabhatNeural_p3_slow.wav,Hey Jett?,en-IN-PrabhatNeural,edge-tts,positive,slow,0.74
edge_en_IE_EmilyNeural_p0_normal.wav,Hey Jett,en-IE-EmilyNeural,edge-tts,positive,normal,0.78
edge_en_IE_EmilyNeural_p0_fast.wav,Hey Jett,en-IE-EmilyNeural,edge-tts,positive,fast,0.70
edge_en_IE_EmilyNeural_p0_slow.wav,Hey Jett,en-IE-EmilyNeural,edge-tts,positive,slow,0.88
edge_en_IE_EmilyNeural_p1_normal.wav,Hey Jett.,en-IE-EmilyNeural,edge-tts,positive,normal,0.78
edge_en_IE_EmilyNeural_p1_fast.wav,Hey Jett.,en-IE-EmilyNeural,edge-tts,positive,fast,0.70
edge_en_IE_EmilyNeural_p1_slow.wav,Hey Jett.,en-IE-EmilyNeural,edge-tts,positive,slow,0.88
edge_en_IE_EmilyNeural_p2_normal.wav,"Hey, Jett!",en-IE-EmilyNeural,edge-tts,positive,normal,1.51
edge_en_IE_EmilyNeural_p2_fast.wav,"Hey, Jett!",en-IE-EmilyNeural,edge-tts,positive,fast,1.34
edge_en_IE_EmilyNeural_p2_slow.wav,"Hey, Jett!",en-IE-EmilyNeural,edge-tts,positive,slow,1.69
edge_en_IE_EmilyNeural_p3_normal.wav,Hey Jett?,en-IE-EmilyNeural,edge-tts,positive,normal,0.74
edge_en_IE_EmilyNeural_p3_fast.wav,Hey Jett?,en-IE-EmilyNeural,edge-tts,positive,fast,0.67
edge_en_IE_EmilyNeural_p3_slow.wav,Hey Jett?,en-IE-EmilyNeural,edge-tts,positive,slow,0.83
edge_en_IE_ConnorNeural_p0_normal.wav,Hey Jett,en-IE-ConnorNeural,edge-tts,positive,normal,0.63
edge_en_IE_ConnorNeural_p0_fast.wav,Hey Jett,en-IE-ConnorNeural,edge-tts,positive,fast,0.57
edge_en_IE_ConnorNeural_p0_slow.wav,Hey Jett,en-IE-ConnorNeural,edge-tts,positive,slow,0.70
edge_en_IE_ConnorNeural_p1_normal.wav,Hey Jett.,en-IE-ConnorNeural,edge-tts,positive,normal,0.63
edge_en_IE_ConnorNeural_p1_fast.wav,Hey Jett.,en-IE-ConnorNeural,edge-tts,positive,fast,0.57
edge_en_IE_ConnorNeural_p1_slow.wav,Hey Jett.,en-IE-ConnorNeural,edge-tts,positive,slow,0.70
edge_en_IE_ConnorNeural_p2_normal.wav,"Hey, Jett!",en-IE-ConnorNeural,edge-tts,positive,normal,0.93
edge_en_IE_ConnorNeural_p2_fast.wav,"Hey, Jett!",en-IE-ConnorNeural,edge-tts,positive,fast,0.84
edge_en_IE_ConnorNeural_p2_slow.wav,"Hey, Jett!",en-IE-ConnorNeural,edge-tts,positive,slow,1.05
edge_en_IE_ConnorNeural_p3_normal.wav,Hey Jett?,en-IE-ConnorNeural,edge-tts,positive,normal,0.62
edge_en_IE_ConnorNeural_p3_fast.wav,Hey Jett?,en-IE-ConnorNeural,edge-tts,positive,fast,0.56
edge_en_IE_ConnorNeural_p3_slow.wav,Hey Jett?,en-IE-ConnorNeural,edge-tts,positive,slow,0.70
edge_en_CA_ClaraNeural_p0_normal.wav,Hey Jett,en-CA-ClaraNeural,edge-tts,positive,normal,0.72
edge_en_CA_ClaraNeural_p0_fast.wav,Hey Jett,en-CA-ClaraNeural,edge-tts,positive,fast,0.65
edge_en_CA_ClaraNeural_p0_slow.wav,Hey Jett,en-CA-ClaraNeural,edge-tts,positive,slow,0.81
edge_en_CA_ClaraNeural_p1_normal.wav,Hey Jett.,en-CA-ClaraNeural,edge-tts,positive,normal,0.72
edge_en_CA_ClaraNeural_p1_fast.wav,Hey Jett.,en-CA-ClaraNeural,edge-tts,positive,fast,0.65
edge_en_CA_ClaraNeural_p1_slow.wav,Hey Jett.,en-CA-ClaraNeural,edge-tts,positive,slow,0.81
edge_en_CA_ClaraNeural_p2_normal.wav,"Hey, Jett!",en-CA-ClaraNeural,edge-tts,positive,normal,0.85
edge_en_CA_ClaraNeural_p2_fast.wav,"Hey, Jett!",en-CA-ClaraNeural,edge-tts,positive,fast,0.76
edge_en_CA_ClaraNeural_p2_slow.wav,"Hey, Jett!",en-CA-ClaraNeural,edge-tts,positive,slow,0.93
edge_en_CA_ClaraNeural_p3_normal.wav,Hey Jett?,en-CA-ClaraNeural,edge-tts,positive,normal,0.62
edge_en_CA_ClaraNeural_p3_fast.wav,Hey Jett?,en-CA-ClaraNeural,edge-tts,positive,fast,0.56
edge_en_CA_ClaraNeural_p3_slow.wav,Hey Jett?,en-CA-ClaraNeural,edge-tts,positive,slow,0.69
edge_en_CA_LiamNeural_p0_normal.wav,Hey Jett,en-CA-LiamNeural,edge-tts,positive,normal,0.63
edge_en_CA_LiamNeural_p0_fast.wav,Hey Jett,en-CA-LiamNeural,edge-tts,positive,fast,0.57
edge_en_CA_LiamNeural_p0_slow.wav,Hey Jett,en-CA-LiamNeural,edge-tts,positive,slow,0.69
edge_en_CA_LiamNeural_p1_normal.wav,Hey Jett.,en-CA-LiamNeural,edge-tts,positive,normal,0.63
edge_en_CA_LiamNeural_p1_fast.wav,Hey Jett.,en-CA-LiamNeural,edge-tts,positive,fast,0.57
edge_en_CA_LiamNeural_p1_slow.wav,Hey Jett.,en-CA-LiamNeural,edge-tts,positive,slow,0.69
edge_en_CA_LiamNeural_p2_normal.wav,"Hey, Jett!",en-CA-LiamNeural,edge-tts,positive,normal,1.00
edge_en_CA_LiamNeural_p2_fast.wav,"Hey, Jett!",en-CA-LiamNeural,edge-tts,positive,fast,0.89
edge_en_CA_LiamNeural_p2_slow.wav,"Hey, Jett!",en-CA-LiamNeural,edge-tts,positive,slow,1.11
edge_en_CA_LiamNeural_p3_normal.wav,Hey Jett?,en-CA-LiamNeural,edge-tts,positive,normal,0.61
edge_en_CA_LiamNeural_p3_fast.wav,Hey Jett?,en-CA-LiamNeural,edge-tts,positive,fast,0.55
edge_en_CA_LiamNeural_p3_slow.wav,Hey Jett?,en-CA-LiamNeural,edge-tts,positive,slow,0.68
edge_en_SG_LunaNeural_p0_normal.wav,Hey Jett,en-SG-LunaNeural,edge-tts,positive,normal,0.83
edge_en_SG_LunaNeural_p0_fast.wav,Hey Jett,en-SG-LunaNeural,edge-tts,positive,fast,0.74
edge_en_SG_LunaNeural_p0_slow.wav,Hey Jett,en-SG-LunaNeural,edge-tts,positive,slow,0.93
edge_en_SG_LunaNeural_p1_normal.wav,Hey Jett.,en-SG-LunaNeural,edge-tts,positive,normal,0.83
edge_en_SG_LunaNeural_p1_fast.wav,Hey Jett.,en-SG-LunaNeural,edge-tts,positive,fast,0.74
edge_en_SG_LunaNeural_p1_slow.wav,Hey Jett.,en-SG-LunaNeural,edge-tts,positive,slow,0.93
edge_en_SG_LunaNeural_p2_normal.wav,"Hey, Jett!",en-SG-LunaNeural,edge-tts,positive,normal,1.09
edge_en_SG_LunaNeural_p2_fast.wav,"Hey, Jett!",en-SG-LunaNeural,edge-tts,positive,fast,0.98
edge_en_SG_LunaNeural_p2_slow.wav,"Hey, Jett!",en-SG-LunaNeural,edge-tts,positive,slow,1.24
edge_en_SG_LunaNeural_p3_normal.wav,Hey Jett?,en-SG-LunaNeural,edge-tts,positive,normal,0.83
edge_en_SG_LunaNeural_p3_fast.wav,Hey Jett?,en-SG-LunaNeural,edge-tts,positive,fast,0.74
edge_en_SG_LunaNeural_p3_slow.wav,Hey Jett?,en-SG-LunaNeural,edge-tts,positive,slow,0.93
edge_en_NZ_MitchellNeural_p0_normal.wav,Hey Jett,en-NZ-MitchellNeural,edge-tts,positive,normal,0.68
edge_en_NZ_MitchellNeural_p0_fast.wav,Hey Jett,en-NZ-MitchellNeural,edge-tts,positive,fast,0.61
edge_en_NZ_MitchellNeural_p0_slow.wav,Hey Jett,en-NZ-MitchellNeural,edge-tts,positive,slow,0.75
edge_en_NZ_MitchellNeural_p1_normal.wav,Hey Jett.,en-NZ-MitchellNeural,edge-tts,positive,normal,0.68
edge_en_NZ_MitchellNeural_p1_fast.wav,Hey Jett.,en-NZ-MitchellNeural,edge-tts,positive,fast,0.61
edge_en_NZ_MitchellNeural_p1_slow.wav,Hey Jett.,en-NZ-MitchellNeural,edge-tts,positive,slow,0.75
edge_en_NZ_MitchellNeural_p2_normal.wav,"Hey, Jett!",en-NZ-MitchellNeural,edge-tts,positive,normal,1.24
edge_en_NZ_MitchellNeural_p2_fast.wav,"Hey, Jett!",en-NZ-MitchellNeural,edge-tts,positive,fast,1.12
edge_en_NZ_MitchellNeural_p2_slow.wav,"Hey, Jett!",en-NZ-MitchellNeural,edge-tts,positive,slow,1.41
edge_en_NZ_MitchellNeural_p3_normal.wav,Hey Jett?,en-NZ-MitchellNeural,edge-tts,positive,normal,0.68
edge_en_NZ_MitchellNeural_p3_fast.wav,Hey Jett?,en-NZ-MitchellNeural,edge-tts,positive,fast,0.63
edge_en_NZ_MitchellNeural_p3_slow.wav,Hey Jett?,en-NZ-MitchellNeural,edge-tts,positive,slow,0.76
edge_en_ZA_LeahNeural_p0_normal.wav,Hey Jett,en-ZA-LeahNeural,edge-tts,positive,normal,0.75
edge_en_ZA_LeahNeural_p0_fast.wav,Hey Jett,en-ZA-LeahNeural,edge-tts,positive,fast,0.68
edge_en_ZA_LeahNeural_p0_slow.wav,Hey Jett,en-ZA-LeahNeural,edge-tts,positive,slow,0.85
edge_en_ZA_LeahNeural_p1_normal.wav,Hey Jett.,en-ZA-LeahNeural,edge-tts,positive,normal,0.75
edge_en_ZA_LeahNeural_p1_fast.wav,Hey Jett.,en-ZA-LeahNeural,edge-tts,positive,fast,0.68
edge_en_ZA_LeahNeural_p1_slow.wav,Hey Jett.,en-ZA-LeahNeural,edge-tts,positive,slow,0.85
edge_en_ZA_LeahNeural_p2_normal.wav,"Hey, Jett!",en-ZA-LeahNeural,edge-tts,positive,normal,1.10
edge_en_ZA_LeahNeural_p2_fast.wav,"Hey, Jett!",en-ZA-LeahNeural,edge-tts,positive,fast,0.99
edge_en_ZA_LeahNeural_p2_slow.wav,"Hey, Jett!",en-ZA-LeahNeural,edge-tts,positive,slow,1.24
edge_en_ZA_LeahNeural_p3_normal.wav,Hey Jett?,en-ZA-LeahNeural,edge-tts,positive,normal,0.72
edge_en_ZA_LeahNeural_p3_fast.wav,Hey Jett?,en-ZA-LeahNeural,edge-tts,positive,fast,0.64
edge_en_ZA_LeahNeural_p3_slow.wav,Hey Jett?,en-ZA-LeahNeural,edge-tts,positive,slow,0.80
edge_en_KE_AsiliaNeural_p0_normal.wav,Hey Jett,en-KE-AsiliaNeural,edge-tts,positive,normal,0.69
edge_en_KE_AsiliaNeural_p0_fast.wav,Hey Jett,en-KE-AsiliaNeural,edge-tts,positive,fast,0.61
edge_en_KE_AsiliaNeural_p0_slow.wav,Hey Jett,en-KE-AsiliaNeural,edge-tts,positive,slow,0.78
edge_en_KE_AsiliaNeural_p1_normal.wav,Hey Jett.,en-KE-AsiliaNeural,edge-tts,positive,normal,0.69
edge_en_KE_AsiliaNeural_p1_fast.wav,Hey Jett.,en-KE-AsiliaNeural,edge-tts,positive,fast,0.61
edge_en_KE_AsiliaNeural_p1_slow.wav,Hey Jett.,en-KE-AsiliaNeural,edge-tts,positive,slow,0.78
edge_en_KE_AsiliaNeural_p2_normal.wav,"Hey, Jett!",en-KE-AsiliaNeural,edge-tts,positive,normal,0.90
edge_en_KE_AsiliaNeural_p2_fast.wav,"Hey, Jett!",en-KE-AsiliaNeural,edge-tts,positive,fast,0.81
edge_en_KE_AsiliaNeural_p2_slow.wav,"Hey, Jett!",en-KE-AsiliaNeural,edge-tts,positive,slow,1.03
edge_en_KE_AsiliaNeural_p3_normal.wav,Hey Jett?,en-KE-AsiliaNeural,edge-tts,positive,normal,0.70
edge_en_KE_AsiliaNeural_p3_fast.wav,Hey Jett?,en-KE-AsiliaNeural,edge-tts,positive,fast,0.62
edge_en_KE_AsiliaNeural_p3_slow.wav,Hey Jett?,en-KE-AsiliaNeural,edge-tts,positive,slow,0.79
edge_en_US_GuyNeural_p0_normal.wav,Hey Jeff,en-US-GuyNeural,edge-tts,negative,normal,0.73
edge_en_US_GuyNeural_p1_normal.wav,Hey Jet,en-US-GuyNeural,edge-tts,negative,normal,0.73
edge_en_US_GuyNeural_p2_normal.wav,Hey yet,en-US-GuyNeural,edge-tts,negative,normal,0.64
edge_en_US_GuyNeural_p3_normal.wav,Hey Jed,en-US-GuyNeural,edge-tts,negative,normal,0.74
edge_en_US_GuyNeural_p4_normal.wav,Hey Jack,en-US-GuyNeural,edge-tts,negative,normal,0.74
edge_en_US_GuyNeural_p5_normal.wav,Hey there,en-US-GuyNeural,edge-tts,negative,normal,0.65
edge_en_US_GuyNeural_p6_normal.wav,Hey check,en-US-GuyNeural,edge-tts,negative,normal,0.70
edge_en_US_GuyNeural_p7_normal.wav,Get set,en-US-GuyNeural,edge-tts,negative,normal,0.76
edge_en_US_GuyNeural_p8_normal.wav,Hey pet,en-US-GuyNeural,edge-tts,negative,normal,0.68
edge_en_US_GuyNeural_p9_normal.wav,Jett,en-US-GuyNeural,edge-tts,negative,normal,0.55
edge_en_US_GuyNeural_p10_normal.wav,Get it,en-US-GuyNeural,edge-tts,negative,normal,0.58
edge_en_US_GuyNeural_p11_normal.wav,Forget,en-US-GuyNeural,edge-tts,negative,normal,0.65
edge_en_US_GuyNeural_p12_normal.wav,Hey Brett,en-US-GuyNeural,edge-tts,negative,normal,0.70
edge_en_US_GuyNeural_p13_normal.wav,Hey Bett,en-US-GuyNeural,edge-tts,negative,normal,0.65
edge_en_US_GuyNeural_p14_normal.wav,Let's get,en-US-GuyNeural,edge-tts,negative,normal,0.79
edge_en_US_JennyNeural_p0_normal.wav,Hey Jeff,en-US-JennyNeural,edge-tts,negative,normal,0.72
edge_en_US_JennyNeural_p1_normal.wav,Hey Jet,en-US-JennyNeural,edge-tts,negative,normal,0.72
edge_en_US_JennyNeural_p2_normal.wav,Hey yet,en-US-JennyNeural,edge-tts,negative,normal,0.70
edge_en_US_JennyNeural_p3_normal.wav,Hey Jed,en-US-JennyNeural,edge-tts,negative,normal,0.74
edge_en_US_JennyNeural_p4_normal.wav,Hey Jack,en-US-JennyNeural,edge-tts,negative,normal,0.70
edge_en_US_JennyNeural_p5_normal.wav,Hey there,en-US-JennyNeural,edge-tts,negative,normal,0.58
edge_en_US_JennyNeural_p6_normal.wav,Hey check,en-US-JennyNeural,edge-tts,negative,normal,0.71
edge_en_US_JennyNeural_p7_normal.wav,Get set,en-US-JennyNeural,edge-tts,negative,normal,0.75
edge_en_US_JennyNeural_p8_normal.wav,Hey pet,en-US-JennyNeural,edge-tts,negative,normal,0.74
edge_en_US_JennyNeural_p9_normal.wav,Jett,en-US-JennyNeural,edge-tts,negative,normal,0.52
edge_en_US_JennyNeural_p10_normal.wav,Get it,en-US-JennyNeural,edge-tts,negative,normal,0.53
edge_en_US_JennyNeural_p11_normal.wav,Forget,en-US-JennyNeural,edge-tts,negative,normal,0.63
edge_en_US_JennyNeural_p12_normal.wav,Hey Brett,en-US-JennyNeural,edge-tts,negative,normal,0.68
edge_en_US_JennyNeural_p13_normal.wav,Hey Bett,en-US-JennyNeural,edge-tts,negative,normal,0.66
edge_en_US_JennyNeural_p14_normal.wav,Let's get,en-US-JennyNeural,edge-tts,negative,normal,0.78
edge_en_US_AriaNeural_p0_normal.wav,Hey Jeff,en-US-AriaNeural,edge-tts,negative,normal,0.67
edge_en_US_AriaNeural_p1_normal.wav,Hey Jet,en-US-AriaNeural,edge-tts,negative,normal,0.73
edge_en_US_AriaNeural_p2_normal.wav,Hey yet,en-US-AriaNeural,edge-tts,negative,normal,0.65
edge_en_US_AriaNeural_p3_normal.wav,Hey Jed,en-US-AriaNeural,edge-tts,negative,normal,0.73
edge_en_US_AriaNeural_p4_normal.wav,Hey Jack,en-US-AriaNeural,edge-tts,negative,normal,0.79
edge_en_US_AriaNeural_p5_normal.wav,Hey there,en-US-AriaNeural,edge-tts,negative,normal,0.64
edge_en_US_AriaNeural_p6_normal.wav,Hey check,en-US-AriaNeural,edge-tts,negative,normal,0.76
edge_en_US_AriaNeural_p7_normal.wav,Get set,en-US-AriaNeural,edge-tts,negative,normal,0.76
edge_en_US_AriaNeural_p8_normal.wav,Hey pet,en-US-AriaNeural,edge-tts,negative,normal,0.65
edge_en_US_AriaNeural_p9_normal.wav,Jett,en-US-AriaNeural,edge-tts,negative,normal,0.48
edge_en_US_AriaNeural_p10_normal.wav,Get it,en-US-AriaNeural,edge-tts,negative,normal,0.55
edge_en_US_AriaNeural_p11_normal.wav,Forget,en-US-AriaNeural,edge-tts,negative,normal,0.62
edge_en_US_AriaNeural_p12_normal.wav,Hey Brett,en-US-AriaNeural,edge-tts,negative,normal,0.71
edge_en_US_AriaNeural_p13_normal.wav,Hey Bett,en-US-AriaNeural,edge-tts,negative,normal,0.66
edge_en_US_AriaNeural_p14_normal.wav,Let's get,en-US-AriaNeural,edge-tts,negative,normal,0.82
edge_en_GB_SoniaNeural_p0_normal.wav,Hey Jeff,en-GB-SoniaNeural,edge-tts,negative,normal,0.81
edge_en_GB_SoniaNeural_p1_normal.wav,Hey Jet,en-GB-SoniaNeural,edge-tts,negative,normal,0.79
edge_en_GB_SoniaNeural_p2_normal.wav,Hey yet,en-GB-SoniaNeural,edge-tts,negative,normal,0.74
edge_en_GB_SoniaNeural_p3_normal.wav,Hey Jed,en-GB-SoniaNeural,edge-tts,negative,normal,0.75
edge_en_GB_SoniaNeural_p4_normal.wav,Hey Jack,en-GB-SoniaNeural,edge-tts,negative,normal,0.77
edge_en_GB_SoniaNeural_p5_normal.wav,Hey there,en-GB-SoniaNeural,edge-tts,negative,normal,0.69
edge_en_GB_SoniaNeural_p6_normal.wav,Hey check,en-GB-SoniaNeural,edge-tts,negative,normal,0.76
edge_en_GB_SoniaNeural_p7_normal.wav,Get set,en-GB-SoniaNeural,edge-tts,negative,normal,0.83
edge_en_GB_SoniaNeural_p8_normal.wav,Hey pet,en-GB-SoniaNeural,edge-tts,negative,normal,0.77
edge_en_GB_SoniaNeural_p9_normal.wav,Jett,en-GB-SoniaNeural,edge-tts,negative,normal,0.53
edge_en_GB_SoniaNeural_p10_normal.wav,Get it,en-GB-SoniaNeural,edge-tts,negative,normal,0.68
edge_en_GB_SoniaNeural_p11_normal.wav,Forget,en-GB-SoniaNeural,edge-tts,negative,normal,0.70
edge_en_GB_SoniaNeural_p12_normal.wav,Hey Brett,en-GB-SoniaNeural,edge-tts,negative,normal,0.82
edge_en_GB_SoniaNeural_p13_normal.wav,Hey Bett,en-GB-SoniaNeural,edge-tts,negative,normal,0.74
edge_en_GB_SoniaNeural_p14_normal.wav,Let's get,en-GB-SoniaNeural,edge-tts,negative,normal,0.83
edge_en_GB_RyanNeural_p0_normal.wav,Hey Jeff,en-GB-RyanNeural,edge-tts,negative,normal,0.71
edge_en_GB_RyanNeural_p1_normal.wav,Hey Jet,en-GB-RyanNeural,edge-tts,negative,normal,0.69
edge_en_GB_RyanNeural_p2_normal.wav,Hey yet,en-GB-RyanNeural,edge-tts,negative,normal,0.69
edge_en_GB_RyanNeural_p3_normal.wav,Hey Jed,en-GB-RyanNeural,edge-tts,negative,normal,0.71
edge_en_GB_RyanNeural_p4_normal.wav,Hey Jack,en-GB-RyanNeural,edge-tts,negative,normal,0.73
edge_en_GB_RyanNeural_p5_normal.wav,Hey there,en-GB-RyanNeural,edge-tts,negative,normal,0.58
edge_en_GB_RyanNeural_p6_normal.wav,Hey check,en-GB-RyanNeural,edge-tts,negative,normal,0.72
edge_en_GB_RyanNeural_p7_normal.wav,Get set,en-GB-RyanNeural,edge-tts,negative,normal,0.66
edge_en_GB_RyanNeural_p8_normal.wav,Hey pet,en-GB-RyanNeural,edge-tts,negative,normal,0.70
edge_en_GB_RyanNeural_p9_normal.wav,Jett,en-GB-RyanNeural,edge-tts,negative,normal,0.51
edge_en_GB_RyanNeural_p10_normal.wav,Get it,en-GB-RyanNeural,edge-tts,negative,normal,0.46
edge_en_GB_RyanNeural_p11_normal.wav,Forget,en-GB-RyanNeural,edge-tts,negative,normal,0.59
edge_en_GB_RyanNeural_p12_normal.wav,Hey Brett,en-GB-RyanNeural,edge-tts,negative,normal,0.69
edge_en_GB_RyanNeural_p13_normal.wav,Hey Bett,en-GB-RyanNeural,edge-tts,negative,normal,0.64
edge_en_GB_RyanNeural_p14_normal.wav,Let's get,en-GB-RyanNeural,edge-tts,negative,normal,0.69
edge_en_AU_NatashaNeural_p0_normal.wav,Hey Jeff,en-AU-NatashaNeural,edge-tts,negative,normal,0.61
edge_en_AU_NatashaNeural_p1_normal.wav,Hey Jet,en-AU-NatashaNeural,edge-tts,negative,normal,0.64
edge_en_AU_NatashaNeural_p2_normal.wav,Hey yet,en-AU-NatashaNeural,edge-tts,negative,normal,0.67
edge_en_AU_NatashaNeural_p3_normal.wav,Hey Jed,en-AU-NatashaNeural,edge-tts,negative,normal,0.67
edge_en_AU_NatashaNeural_p4_normal.wav,Hey Jack,en-AU-NatashaNeural,edge-tts,negative,normal,0.67
edge_en_AU_NatashaNeural_p5_normal.wav,Hey there,en-AU-NatashaNeural,edge-tts,negative,normal,0.69
edge_en_AU_NatashaNeural_p6_normal.wav,Hey check,en-AU-NatashaNeural,edge-tts,negative,normal,0.68
edge_en_AU_NatashaNeural_p7_normal.wav,Get set,en-AU-NatashaNeural,edge-tts,negative,normal,0.71
edge_en_AU_NatashaNeural_p8_normal.wav,Hey pet,en-AU-NatashaNeural,edge-tts,negative,normal,0.65
edge_en_AU_NatashaNeural_p9_normal.wav,Jett,en-AU-NatashaNeural,edge-tts,negative,normal,0.44
edge_en_AU_NatashaNeural_p10_normal.wav,Get it,en-AU-NatashaNeural,edge-tts,negative,normal,0.51
edge_en_AU_NatashaNeural_p11_normal.wav,Forget,en-AU-NatashaNeural,edge-tts,negative,normal,0.53
edge_en_AU_NatashaNeural_p12_normal.wav,Hey Brett,en-AU-NatashaNeural,edge-tts,negative,normal,0.67
edge_en_AU_NatashaNeural_p13_normal.wav,Hey Bett,en-AU-NatashaNeural,edge-tts,negative,normal,0.63
edge_en_AU_NatashaNeural_p14_normal.wav,Let's get,en-AU-NatashaNeural,edge-tts,negative,normal,0.73
edge_en_AU_WilliamNeural_p0_normal.wav,Hey Jeff,en-AU-WilliamNeural,edge-tts,negative,normal,0.70
edge_en_AU_WilliamNeural_p1_normal.wav,Hey Jet,en-AU-WilliamNeural,edge-tts,negative,normal,0.68
edge_en_AU_WilliamNeural_p2_normal.wav,Hey yet,en-AU-WilliamNeural,edge-tts,negative,normal,0.65
edge_en_AU_WilliamNeural_p3_normal.wav,Hey Jed,en-AU-WilliamNeural,edge-tts,negative,normal,0.69
edge_en_AU_WilliamNeural_p4_normal.wav,Hey Jack,en-AU-WilliamNeural,edge-tts,negative,normal,0.68
edge_en_AU_WilliamNeural_p5_normal.wav,Hey there,en-AU-WilliamNeural,edge-tts,negative,normal,0.60
edge_en_AU_WilliamNeural_p6_normal.wav,Hey check,en-AU-WilliamNeural,edge-tts,negative,normal,0.69
edge_en_AU_WilliamNeural_p7_normal.wav,Get set,en-AU-WilliamNeural,edge-tts,negative,normal,0.67
edge_en_AU_WilliamNeural_p8_normal.wav,Hey pet,en-AU-WilliamNeural,edge-tts,negative,normal,0.66
edge_en_AU_WilliamNeural_p9_normal.wav,Jett,en-AU-WilliamNeural,edge-tts,negative,normal,0.45
edge_en_AU_WilliamNeural_p10_normal.wav,Get it,en-AU-WilliamNeural,edge-tts,negative,normal,0.45
edge_en_AU_WilliamNeural_p11_normal.wav,Forget,en-AU-WilliamNeural,edge-tts,negative,normal,0.63
edge_en_AU_WilliamNeural_p12_normal.wav,Hey Brett,en-AU-WilliamNeural,edge-tts,negative,normal,0.74
edge_en_AU_WilliamNeural_p13_normal.wav,Hey Bett,en-AU-WilliamNeural,edge-tts,negative,normal,0.68
edge_en_AU_WilliamNeural_p14_normal.wav,Let's get,en-AU-WilliamNeural,edge-tts,negative,normal,0.75
